ITEM CODE,Landed cost Euro,Plus 5%
IEZ51593269,1.64,1.722
IEZ51597949,0.69,0.7244999999999999
IEZ51693269,1.63,1.7115
,,
IEZ51697949,0.55,0.5775000000000001
IEZ27ITY7949,0.94,0.987
IEZ27ITY3269,2.32,2.436
IEZ03693269,1.7,1.785
IEZ03593269,1.53,1.6065
IEZ03597949,1.05,1.1025
IEZ03697949,0.95,0.9974999999999999
IEZ85ITY3269,1.9,1.9949999999999999
IEZ85ITY7949,1.09,1.1445
IEZ87ITYD3269-59,2.73,2.8665000000000003
IEZ87ITYD7969-69,2.08,2.184
IEZ87ITYD7969-59,1.61,1.6905000000000001
IEZ87ITYD3269-69,2.36,2.4779999999999998
IEZ03773269,2.85,2.9925
IEZO4757969-69,1.67,1.7535
IEZO4757969-59,1.22,1.281
IEZO4753269-69,1.56,1.6380000000000001
IEZO4753269-59,2.78,2.919
IEA514-69,2.92,3.066
IEA514-59,4.23,4.4415000000000004
IEZ03XXG77949,2.73,2.8665000000000003
IEZ03XXG73269,2.91,3.0555000000000003
IEZ807XXG77949,3.74,3.9270000000000005
IEZ807XXG73269,3.27,3.4335
IEV6P4,2.82,2.961
IEV5P4,2.33,2.4465000000000003
IEV6P89,4.23,4.4415000000000004
IEV5P89,6.28,6.594
IEV6P344,3.42,3.591
IEV5P344,3.68,3.8640000000000003
IEV6P3489,9.83,10.3215
IEV5P3489,9.52,9.996
IEZ5P4,2.8,2.94
IEZ5P6,3.09,3.2445
IEZ6P8,0.91,0.9555000000000001
IEZ6P6,2.26,2.3729999999999998
IEZ5P8,0.73,0.7665
IEZ6P4,4.37,4.588500000000001
IEZITY5P6,5.56,5.838
IEZITY6P4,8.57,8.9985
IEZITY6P8,2.82,2.961
IEZITY5P8,2.79,2.9295
IEZITY6P6,7.41,7.780500000000001
IEZITY5P4,10.74,11.277000000000001
IEZ6P324,8.06,8.463000000000001
IEZ5P324,8.01,8.4105
IEZ6P326,3.06,3.213
IEZ5P326,5.43,5.7015
IEZ6P328,1.93,2.0265
IEZ5P328,1.22,1.281
IEZITY5P324,17.94,18.837000000000003
IEZITY6P328,3.09,3.2445
IEZITY5P328,3.28,3.444
IEZITY6P326,9.91,10.4055
IEZITY5P326,7.5,7.875
IEZITY6P324,19.86,20.853
IEZITYM-X8,0.27,0.28350000000000003
IEZ0359OXM-I,0.4,0.42000000000000004
IEZXXG7M-X8,0.16,0.168
IEZXXG8-X8,0.15,0.1575
IEZ5169OXM-O,0.36,0.378
IEZ5169OXM-I,0.38,0.399
IEZ5159OXM-O,0.39,0.40950000000000003
IEZ5159OXM-I,0.52,0.546
IEZ0369OXM-O,0.38,0.399
IEZ0369OXM-I,0.37,0.3885
IEZ0359OXM-O,0.45,0.47250000000000003
IEZXXG8-X,0.15,0.1575
IEZXXG7M-X,0.21,0.2205
IEZITYM-X,0.18,0.189
IEZITYDM-X,0.23,0.24150000000000002
IEZITYDM-X8,0.29,0.3045
IEZXXG8-XC,0.09,0.0945
IEZXXG8-X7,0.2,0.21000000000000002
IEZXXG7M-X7,0.5,0.525
IEZITYM-X7,0.38,0.399
IEZITYDM-X7,0.36,0.378
IEZXXG7M-X87,0.76,0.798
IEZITYM-X87,0.83,0.8714999999999999
IEZXXG8-X87,0.65,0.6825000000000001
IEZITYDM-X87,0.98,1.029
IEZXXG8-O,0.68,0.7140000000000001
IEZITYDO-XLMM,1.32,1.3860000000000001
IEZITYO-XLMM,1.2,1.26
IEZITYG-XLMM,1.57,1.6485
IEZITYDG-XLMM,2.18,2.289
IEZITYDC-XLMM,2.59,2.7195
IEZITYC-XLMM,1.93,2.0265
IEZXXG8-G,1.53,1.6065
IEZXXG8-C,1.14,1.1969999999999998
IEZ32ITYDM-X87,1.49,1.5645
IEZ32M-X,0.33,0.34650000000000003
IEZ32M-X8,0.36,0.378
IEZ32M-X87,1.2,1.26
IEZ32ITYM-X7,1.03,1.0815000000000001
IEZ32XXG7-X,0.87,0.9135
IEZITYM-X,0.18,0.189
IEZ32XXG7-X8,0.76,0.798
IEZ32XXG7-X7,0.9,0.9450000000000001
IEZ32M-X7,0.67,0.7035000000000001
IEZ32ITYDM-X7,0.7,0.735
IEZ32XXG7-X87,0.98,1.029
IEZ32ITYM-X87,0.98,1.029
IEZ32ITYDM-X,0.34,0.35700000000000004
IEZ32ITYM-X8,0.91,0.9555000000000001
IEZ32ITYDM-X8,1.04,1.092
IEZXG,2.42,2.541
IEZ32-S,0.45,0.47250000000000003
IEZ32-VX,0.79,0.8295000000000001
IEZ32-T,0.64,0.672
INF232-69,1.85,1.9425000000000001
INF279-69,0.9,0.9450000000000001
INF232-59,2.12,2.2260000000000004
INF279-59,0.82,0.861
INF8532-69,2.2,2.3100000000000005
INF8579-69,1.26,1.3230000000000002
INF8579-59,0.97,1.0185
INF8532-59,1.86,1.9530000000000003
INFXLYITY79,3.28,3.444
INFXLYITY32,5.9,6.195
IEXITYD79-69,2.67,2.8035
IEXITYD79-59,2.29,2.4045
IEXITYD32-69,4.93,5.1765
IEXITYD32-59,4.2,4.41
IEX5P6,2.6,2.7300000000000004
IEX6P4,4.62,4.851
IEX5P4,3.4,3.57
IEX6P8,1.32,1.3860000000000001
IEX6P6,3.12,3.2760000000000002
IEX5P8,1.13,1.1864999999999999
IEX72P4,4.05,4.2525
IEXITYD6P8,3.12,3.2760000000000002
IEXITYD5P8,2.37,2.4885
IEXITYD6P6,8.15,8.557500000000001
IEXITYD5P6,9.29,9.7545
IEXITYD6P4,15.43,16.2015
IEXITYD5P4,17.24,18.102
IEX6P326,3.64,3.8220000000000005
IEX6P328,1.64,1.722
IEX5P328,2.58,2.709
IEX5P326,6.38,6.699
IEX72P324,10.89,11.434500000000002
IEX6P324,7.38,7.7490000000000006
IEX5P324,11.8,12.39
IEXITYD6P328,5.31,5.5755
IEXITYD5P328,3.11,3.2655
IEXITYD6P326,13.03,13.6815
IEXITYD5P326,9.23,9.691500000000001
IEXITYD6P324,19.59,20.5695
IEXITYD5P324,16.21,17.020500000000002
INFXXG8-O,0.18,0.189
INFXXG8-G,0.32,0.336
INF-X,0.2,0.21000000000000002
INFXLYITY-X,0.21,0.2205
INF-X8,0.26,0.273
INFXLYITY-X8,0.36,0.378
IEXITYD-X8,0.27,0.28350000000000003
IEXITYD-X,0.15,0.1575
IEXITYD-X87,0.79,0.8295000000000001
INF-X7,0.39,0.40950000000000003
INFXLYITY-X7,0.48,0.504
IEXITYD-X7,0.53,0.5565000000000001
INFXXG8-X87,0.72,0.756
INFXLYITY-X87,0.98,1.029
INFXXG8-XC,0.11,0.1155
INFXLYITY-XC,0.14,0.14700000000000002
INF32-X,0.28,0.29400000000000004
INF32XLYITY-X,0.49,0.5145
INF32-X8,0.45,0.47250000000000003
INF32XLYITY-X8,0.75,0.7875000000000001
INF32XLYITY-X7,0.68,0.7140000000000001
INFXXG8-X87,0.71,0.7454999999999999
INFXLYITY-X87,0.97,1.0185
INF32XLYITY-X87,1.2,1.26
INF32-X87,1.19,1.2495
INF32-X7,0.48,0.504
INF32-VX,0.79,0.8295000000000001
IEZXG,2.44,2.562
IEZ32-S,0.45,0.47250000000000003
IEZ32-T,0.64,0.672
IEZ67975M-KHF,13.3,13.965000000000002
IEZ89987M-KHF,8.66,9.093
IEZ8475M-KHF,1.31,1.3755000000000002
IEZ3987M-KHF,4.21,4.4205000000000005
IEZ75975M-KHF,10.6,11.13
IEZ81987M-KHF,14.5,15.225000000000001
IEZ89975M-KHF,9.11,9.5655
IEZ6975M-KHF,3.49,3.6645000000000003
IEZ84975M-KHF,7.3,7.665
IEZ3975M-KHF,3.46,3.633
IEZ6987M-KHF,2.61,2.7405
IEZ8487M-KHF,1.66,1.7429999999999999
IEZ4975WFM-KHF,12.79,13.429499999999999
IEZ6975WFM-KHF,5.83,6.1215
IEZ2487WFM-KHF,17.97,18.8685
IEZ4987WFM-KHF,9.47,9.9435
IEZ2475WFM-KHF,18.66,19.593
IEZ6987WFM-KHF,6.42,6.7410000000000005
IEZ7997532M-KHF,11.67,12.2535
IEZ8997532M-KHF,8.03,8.4315
IEZ397532M-KHF,5.16,5.418
IEZ398732M-KHF,,
IEZ8998732M-KHF,,
IEZ7998732M-KHF,13.03,13.6815
IEZXXG8-IX,3.45,3.6225000000000005
IEZITYD-IX,2.7,2.8350000000000004
IEZITYD-XIGO,20.15,21.1575
IEZXXG8-XIGO,9.84,10.332
IEZITY-XIGO,7.39,7.7595
IEZITYD-DK,18.74,19.677
IEZITY-DK,15.72,16.506
IEZXXG8-DK,14.72,15.456000000000001
IEZ5A5X-IVX,10.4,10.920000000000002
IEZ5A5X-IVN,6.2,6.510000000000001
IEZXXG8-ZNK,6.82,7.1610000000000005
IEZITY-ZNK,8.16,8.568000000000001
IEZITYD-ZNK,8.91,9.355500000000001
OG-145-4Z,18.21,19.120500000000003
VC4,37.22,39.081
VC1H,41.63,43.71150000000001
IEZXXG8-DRUR,8.11,8.5155
IEZXXG7-DRUR,9.48,9.954
IEZITY-DRUR,7.39,7.7595
IEZITYD-DRUR,7.49,7.8645000000000005
IEYRK7,4.6,4.83
IEZXXG8D49,0.15,0.1575
IEZITYD49,0.54,0.5670000000000001
IEZITYDD49,0.56,0.5880000000000001
IEYRK8,5.43,5.7015
IZZ1693449,6.98,7.329000000000001
IZZ1593449,6.34,6.657
IZZXK,7.72,8.106
IZZSH84,1.22,1.281
IZZH,11.32,11.886000000000001
IVCX757-76,14.31,15.025500000000001
IVCZ837-76,2.98,3.129
IVCZ827-76,8.44,8.862
IVCK857-76,7.44,7.812000000000001
IVCI477-76,18.94,19.887
IVCK847-76,7,7.3500000000000005
IVCHD928-76,2.96,3.108
IVCH907-76,3.08,3.2340000000000004
IVCH787-76,6.25,6.5625
IVCI787-76,4.41,4.6305000000000005
IVCI907-76,2.3,2.415
IVCH787-X,0.29,0.3045
IVCI907-VX,0.17,0.17850000000000002
IVCH907-VX,0.21,0.2205
IVCI477-VX,0.4,0.42000000000000004
IVCZ827-VX,0.21,0.2205
IVCX757-VX,0.14,0.14700000000000002
IVCI787-VX,0.2,0.21000000000000002
IVCH787-VX,0.25,0.2625
IVCH907-X,0.14,0.14700000000000002
,,
I6VNKP5-KHF,11.25,11.8125
SVW3954/W7,13.89,14.584500000000002
I3939HNPUY-98,7.41,7.780500000000001
IZN59493939-98,12.49,13.114500000000001
IZNIX,0.74,0.777
IZNHHG,0.51,0.5355000000000001
IKOYIP-98,4.13,4.3365
IZNHFH-5D,1.63,1.7115
IZN59WWEI,8.66,9.093
PO64X-KE,7.15,7.5075
IZN59593939-98,12.53,13.1565
I6VNKP5-KHF,11.13,11.6865
SVW3954/W7,13.9,14.595
IWOHHG,0.35,0.3675
IWO3939HU-98,4.93,5.1765
IWOC5939-98,8.66,9.093
IWOC4939-98,9.62,10.100999999999999
IWOC5939V-98,17.35,18.2175
IWOHFH-5D,1.2,1.26
I6VNKP5-KHF,11.31,11.8755
SVW3954/W7,14.09,14.794500000000001
IWOHHG,0.35,0.3675
IWO3939HU-98,4.89,5.1345
IWOC5939FTI-98,9.62,10.100999999999999
IWOC4939FTI-98,10.59,11.1195
IWOC5939FTIV-98,16.98,17.829
IWOHFH-5D,1.2,1.26
IWOC39-98,7.57,7.948500000000001
I6VNKP5-KHF,11.2,11.76
SVW3954/W7,14,14.700000000000001
IWOHHG,0.35,0.3675
IWO3939HU-98,4.95,5.197500000000001
IWOHFH-5D,1.19,1.2495
IWOC39FTI-98,9.69,10.1745
I6VNKP5-KHF,11.14,11.697000000000001
SVW3954/W7,14.09,14.794500000000001
IWOHHG,0.35,0.3675
IWO3939HU-98,4.97,5.2185
IWOHFH-5D,1.21,1.2705
IWOC687FTI-98,14.78,15.519
IWOC387FTI-98,23.75,24.9375
I6VNKP5-KHF,11.29,11.8545
SVW3954/W7,13.89,14.584500000000002
IWOHHG,0.35,0.3675
IWO3939HU-98,4.92,5.166
IWOKC5939FTI-98,18.44,19.362000000000002
IWOKC4939FTI-98,16.87,17.713500000000003
IWOHFH-5D,1.2,1.26
IWO5959393934-98,11.25,11.8125
I6VNKP5-KHF,11.18,11.739
SVW3954/W7,13.89,14.584500000000002
IWOHHG,0.35,0.3675
IWO3939HU-98,4.91,5.1555
IWOHFH-5D,1.19,1.2495
I6VNKP5-KHF,11.2,11.76
SVW3954/W7,13.95,14.647499999999999
I3939HNPUY-98,7.33,7.6965
IHK69593939FTI-98,12,12.600000000000001
IZNIX,0.75,0.7875000000000001
IZNHHG,0.51,0.5355000000000001
IZNHFH-5D,1.65,1.7325
IKOYIP-98,4.19,4.399500000000001
I6VNKP5-KHF,11.23,11.791500000000001
SVW3954/W7,13.94,14.637
IHO71593939-98,19.76,20.748
IHYVC84V-98,,
IHYVC81-98,,
IHYVC93-98,7.16,7.518000000000001
I6VN7K-95,8.51,8.9355
IHYVC87-98,6.43,6.7515
IHYVC84-98,,
IZVHFH-7D,0.76,0.798
ISVND-95,3.1,3.2550000000000003
IHY795987-98,5.73,6.016500000000001
IHY235981-98,10.21,10.720500000000001
IHY705984-98,5.35,5.6175
IHY595987-98,6.06,6.3629999999999995
IZVHFH-7D,0.75,0.7875000000000001
IHY705984V-98,23.21,24.370500000000003
IOVNKPWG-KHF,12.41,13.0305
IHY605981-98,11.26,11.823
IHY895993-98,5.04,5.292000000000001
IOND,3.28,3.444
IHY795993-98,5.07,5.3235
IHY415984-98,9.92,10.416
IHYC984-98,8.44,8.862
IZVHFH-7D,0.76,0.798
IHYC981-98,10.52,11.046
IHYC987-98,7.3,7.665
IOVNKPWG-KHF,12.53,13.1565
IHYC984V-98,19.59,20.5695
IOND,3.26,3.423
IXZ515984-98,7.8,8.19
IXZ515984V-98,22.33,23.4465
IXZ195984V-98,26.03,27.331500000000002
IXZ395981-98,12.85,13.4925
IXZ035981-98,19.07,20.023500000000002
IXZ195984-98,20.75,21.7875
IVICXXG687-98,5.42,5.691
IVICXXG684-98,8.47,8.893500000000001
IVICXXG693-98,3.85,4.0425
IHXC5987-98,17.81,18.700499999999998
IHXC6984-98,21.91,23.0055
IHXC5984-98,26.56,27.887999999999998
IHXCHFH,2.64,2.7720000000000002
IVE59596987G-98,48.36,50.778
ISIHFH,1.69,1.7745
ISI7459FTIWW-89,34.91,36.655499999999996
ISIXGY-89,,
ISI7459FTI-89,35.43,37.2015
ISI7459-FK,4.73,4.966500000000001
ISIXGY-98,,
ISIH84,3.03,3.1814999999999998
ISIHWW84,0.9,0.9450000000000001
ISIOY7,3.84,4.032
ISI59XXG6WW-89,38.44,40.362
ISI59XXG6-89,26.59,27.9195
ISIHFH,1.7,1.785
ISI59XXG6-98,22.88,24.024
ISI59XXG6-FK,5.48,5.7540000000000004
ISIXGY-89,,
ISIXGY-98,,
ISIH84,3.07,3.2235
ISIHWW84,0.91,0.9555000000000001
ISIOY7,3.85,4.0425
,,
IFOC-98,4.04,4.242
IFOGIRN-86,0.38,0.399
IFOGIRN-89,0.24,0.252
IFO864GIRN-98,2.01,2.1105
IFOC-X,5.99,6.2895
IFOGIRN-96,0.39,0.40950000000000003
IFOHGIRN-85,0.51,0.5355000000000001
IFOG93C5-98,4.77,5.0085
IFOGGIRN-86,0.74,0.777
IFOGGIRN-96,0.72,0.756
IFOGGIRN-89,0.63,0.6615000000000001
IFOZ95-98,4.47,4.6935
IFOC-X,5.93,6.2265
IFOZGIRN-98,0.63,0.6615000000000001
IFOZGIRN-95,0.75,0.7875000000000001
IFOZGIRN-86,1.11,1.1655000000000002
IFOUC-98,3.87,4.0635
IFOUCNK-98,21.41,22.480500000000003
IFOC-X,5.9,6.195
IFOUCGIRN-95,0.55,0.5775000000000001
IFOUCGIRN-86,0.85,0.8925
IFOUZ-98,3.1,3.2550000000000003
IFOC-X,5.99,6.2895
IGVCGIRN-96,0.35,0.3675
IGVCGIRN-95,0.28,0.29400000000000004
IGVCGIRN-86,0.37,0.3885
IGVC-98,3.16,3.3180000000000005
IGVCNK-98,16.18,16.989
IGVGC-98,2.23,2.3415
IGVCGIRN-96,0.35,0.3675
IGVCGIRN-95,0.28,0.29400000000000004
IGVCGIRN-86,0.37,0.3885
IGH92C9-98,2.91,3.0555000000000003
IGHGIRN-96,0.66,0.6930000000000001
IGHGIRN-89,0.17,0.17850000000000002
IGHGIRN-86,0.61,0.6405
IGH92C97K-98,2.02,2.121
IGHGIRN-96,0.65,0.6825000000000001
IGHGIRN-89,0.17,0.17850000000000002
IGHGIRN-86,0.61,0.6405
IIZ916939-98,3.58,3.7590000000000003
IIZ915939-98,3.54,3.717
IIZGIRN-96,0.78,0.8190000000000001
IIZGIRN-86,0.44,0.462
IXKU89,0.4,0.42000000000000004
IXKUY79W-86,0.4,0.42000000000000004
IXKUY79W-96,0.34,0.35700000000000004
IXKUY34H-86,0.35,0.3675
IXKUY34H-96,0.36,0.378
IXKUY79H-86,0.36,0.378
IXKUY79H-96,0.2,0.21000000000000002
IXKUY79W-98,0.35,0.3675
IXKUY79H-98,0.29,0.3045
IXKUY79H-89,0.36,0.378
IXKUY34H-98,0.3,0.315
IXKURT,0.16,0.168
IHU798-98,2.19,2.2995
IHU798-96,1.93,2.0265
IHU798-86,2.21,2.3205
IHU791-98,2.98,3.129
IHU791-96,2.97,3.1185000000000005
IHU791-86,3.34,3.507
IHU79834-98,3.06,3.213
IHU79834-96,3.28,3.444
IHU79834-86,4.32,4.5360000000000005
IMZ75GIRN-86,,
IMZ81GIRN-86,,
IMZ87GIRN-86,,
IMZ3XXG6-95,2.44,2.562
IMZ87XXG6-98,,
IMZ81XXG6-98,,
IMZ75XXG6-98,5.98,6.279000000000001
IMZ3XXG6-98,1.96,2.058
IMZ3GIRN-89,0.36,0.378
IMZ1XXG6-98,2.07,2.1734999999999998
IMZ1XXG6-95,3.22,3.3810000000000002
IX27GIRN-98,0.21,0.2205
IX2D276-98,3.97,4.168500000000001
IX2GIRNC-95,0.31,0.3255
IX27GIRN-86,0.51,0.5355000000000001
IX2HJGIRN-98,0.25,0.2625
IX2HJGIRN-86,0.54,0.5670000000000001
ITV3XXG5-88,4.47,4.6935
ITV3XXG5-84,4.27,4.483499999999999
ITV3XXG5-89,3.39,3.5595000000000003
IWIGIRN-89,0.77,0.8085000000000001
IWIGIRN-86,0.7,0.735
IWI3W7D-88,5.6,5.88
IX1XXG6-98,5.35,5.6175
IWV3K969W-98,1.9,1.9949999999999999
IWV3K959W-98,2.83,2.9715000000000003
IWVGIRN-86,0.39,0.40950000000000003
IWVGIRN-84,,
INI6959C9-98,17.25,18.1125
I6VNKP5-KHF,11.21,11.770500000000002
SVW3954/W7,13.96,14.658000000000001
INI8175C9-98,11.69,12.2745
INKHNP-98,5.7,5.985
INK719GIRN-98,2.06,2.1630000000000003
IHW75XXG6N-98,7.55,7.9275
IHW87XXG6N-98,5.37,5.6385000000000005
IHW81XXG6N-98,6.47,6.7935
IHW3XXG6N-98,3.05,3.2025
IHW3GIRN-95,0.59,0.6194999999999999
IHW3GIRN-86,1.06,1.1130000000000002
IHW87GIRN-95,1.25,1.3125
IHW87GIRN-86,1.25,1.3125
IHW81GIRN-95,1.38,1.4489999999999998
IHW81GIRN-86,1.61,1.6905000000000001
IHW75GIRN-95,2.23,2.3415
IHW75GIRN-86,1.77,1.8585
I6VNKP5-KHF,11.21,11.770500000000002
SVW3954/W7,14.03,14.7315
IEI8959-98,3.96,4.158
INKHNP-98,5.69,5.974500000000001
SVW3989/W7,14.57,15.2985
IEI7559-98,7.1,7.455
IEI734GIRN-98,1.5,1.5750000000000002
IEI8159-98,6.09,6.3945
I849OVWX69M-98,4.26,4.473
I699OVWX59M-98,11.11,11.6655
I6VNKP5-KHF,11.19,11.7495
I879OVWX59M-98,3.95,4.1475
SVW3954/W7,13.99,14.6895
I774OVWX69M-98,8.08,8.484
IOZ749WGT-98,8.57,8.9985
I879OVWX69M-98,3.72,3.9060000000000006
I849OVWX59M-98,3.98,4.179
I829OVWX59M-98,4.88,5.124
I774OVWX59M-98,5.44,5.712000000000001
I75WRN-KHF,6.43,6.7515
I6VNKP5-KHF,11.19,11.7495
SVW3954/W7,14.06,14.763000000000002
ITZ8959-98,5.66,5.9430000000000005
ITZ8459-98,6.46,6.783
ITZ7959-98,6.91,7.2555000000000005
ITZ7159-98,9.88,10.374
I798HXM-96,1.83,1.9215000000000002
I791HXM-98,1.94,2.037
I791HXM-86,1.37,1.4385000000000001
I791HXM-96,1.83,1.9215000000000002
I798HXM-86,1.46,1.533
I798HXM-98,1.41,1.4805
,,
IC899-98,3.65,3.8325
IC899G-95,0.51,0.5355000000000001
IC899TIG-98,0.94,0.987
IC899VBG-95,0.6,0.63
IC899H-98,7.64,8.022
ICXIH-98,3.99,4.189500000000001
IC899TIG-95,0.82,0.861
IC899TIG-75,0.74,0.777
IC899VBG-98,0.58,0.609
IC899VBG-75,0.73,0.7665
IC899VH-98,13.61,14.2905
ICNDH-98,3.13,3.2865
IC899G-96,2.58,2.709
IC899V-98,9.38,9.849000000000002
ICVNKP-KHF,7.95,8.3475
I924OVW-98,8.16,8.568000000000001
I924OVWV-98,26.41,27.730500000000003
I837GIRN-96,2.2,2.3100000000000005
I924OVWH-98,18.23,19.1415
I899OVWVH-98,13.51,14.185500000000001
I899OVW-98,8.5,8.925
I899OVWV-98,13.49,14.1645
I899OVWH-98,13.46,14.133000000000001
I717GIRN-96,2.34,2.457
I849OVWH-98,18.62,19.551000000000002
I849OVWV-98,10.55,11.0775
I849OVWVH-98,23.2,24.36
I717GIRN-96,2.34,2.457
I849OVW-98,10.63,11.161500000000002
I899OVWXXG6-98,6.63,6.9615
I849OVWXXG6-98,8.62,9.051
I717GIRN-96,2.33,2.4465000000000003
IH899OVWXXG6-98,4.77,5.0085
IH899OVWXXG6VH-98,20.14,21.147000000000002
IH899OVWXXG6H-98,11.46,12.033000000000001
IH899OVWXXG6V-98,15.01,15.7605
I899OVWIVG,7.9,8.295
I899OVWIVGV,13.74,14.427000000000001
IOG5XXG6-98,23.66,24.843
INX969HO,3.16,3.3180000000000005
I83VNKP-KHF,10.3,10.815000000000001
IIY85XXG6H-98,9.76,10.248
IIY85XXG6-98,9.79,10.279499999999999
IIY85XXG6V-98,20.55,21.5775
IIYHXIVD,0.43,0.4515
IIYGIRNVB-98,1.81,1.9005
IIYGIRNVB-95,2.63,2.7615
IIYGIRNVB-75,1.75,1.8375000000000001
IIYGIRNK-98,1.12,1.1760000000000002
IIYGIRNK-95,1.96,2.058
IIYGIRNK-75,1.6,1.6800000000000002
ISPN98959V-98,16.7,17.535
ISPN98459V-98,16.94,17.787000000000003
ISPN98959-98,13.33,13.996500000000001
ISPN98459-98,7.97,8.368500000000001
ISPNXW-95,3.7,3.8850000000000002
ISPNXW-75,3.31,3.4755000000000003
ISPNXLOO-98,1.1,1.1550000000000002
ISPNVB-75,2.79,2.9295
ISPNGIRN-95,1.29,1.3545
ISPNGIRN-75,1.66,1.7429999999999999
ISPOWK59-98,13.36,14.028
IVVH2K959-98,12.21,12.820500000000001
IVVN98959-98,9.3,9.765
IVVHGIRN-96,3.76,3.948
IVVHGIRN-86,5.13,5.3865
IVVOGIRN-86,6.64,6.9719999999999995
IVVNGIRN-86,7.75,8.137500000000001
IVVN98459-98,8.77,9.2085
IVVN98459V-98,15.79,16.5795
IVVNGIRN-86,7.74,8.127
IVVO97559V-98,18.99,19.9395
IVVO97559-98,12.1,12.705
IVVOGIRN-96,5.87,6.1635
IVVOGIRN-86,6.7,7.035
IKL89XXG6V-98,14.23,14.941500000000001
IKL81XXG6-98,7.88,8.274000000000001
IKL89XXG6-98,8.91,9.355500000000001
IKL89XXG6H-98,17.47,18.3435
IKL89XXG6VH-98,25.71,26.995500000000003
IKL81XXG6V-98,17.93,18.8265
IKL81XXG6VH-98,24.39,25.6095
IKL81XXG6H-98,15,15.75
IIL8159-95,24.13,25.3365
IILHXIVD,0.48,0.504
IILVB-95,7.82,8.211
I83VNKP-KHF,10.34,10.857000000000001
IX899OVWMV-98,14.17,14.8785
IX899OVWM-98,9.02,9.471
IX899OVWHJ-98,10.16,10.668000000000001
I75DOVW59VF-98,20.44,21.462000000000003
,,
ISV49C4UGV-75,17.41,18.2805
I6VN7K-95,8.58,9.009
ISV49C4UG-75,10.37,10.8885
ISV39W-KHF,8.71,9.145500000000002
ISV67C5UG-75,12.06,12.663
ISV39C3UG-75,15.24,16.002000000000002
ISV29C4UG-75,12.31,12.925500000000001
ISV79C4UG-75,8.5,8.925
ISV69C3UG-75,18,18.900000000000002
ISV83C7UG-75,7.4,7.7700000000000005
ISVND-95,3.14,3.297
ISZ65593UGE7-75,10.36,10.878
ISZ79597UGE7-75,5.23,5.4915
ISZ19594UGE7-75,9.96,10.458000000000002
ISZ59495UGE7-75,10.02,10.521
ISZ79595UGE7-75,9.32,9.786000000000001
ISZ79495UGE7-75,9.57,10.0485
ISZ59595UGE7-75,11.86,12.453
ISZ71594UGE7-75,9.39,9.8595
ISZ71494UGE7-75,8.83,9.2715
ISZ41594UGE7V-75,25.24,26.502
ISZ41494UGE7-75,10.48,11.004000000000001
ISZ19494UGE7-75,12.11,12.7155
ISZ65493UGE7-75,17.4,18.27
ISZ29593UGE7-75,15.02,15.771
ISZ29493UGE7-75,12.8,13.440000000000001
ISZ89597UGE7-75,5.71,5.9955
ISZ41594UGE7-75,11.21,11.770500000000002
IOVNKPWG-KHF,12.39,13.009500000000001
I639IX-98,1.5,1.5750000000000002
IOND,3.28,3.444
I639KRI-98,8.39,8.809500000000002
IHFU755UGV-75,18.81,19.7505
IHFU515UGV-75,24.47,25.6935
IHFU755UG-75,10.97,11.518500000000001
IHFU194UGV-75,33.87,35.5635
IHFU033UG-75,22.41,23.5305
IHFU594UGV-75,30.35,31.867500000000003
IHFU594UG-75,8.56,8.988000000000001
IHFU194UG-75,12.39,13.009500000000001
IHFU033UGV-75,41.45,43.52250000000001
IHFU513UG-75,11.67,12.2535
IHFU515UG-75,7.68,8.064
I639IX-98,1.5,1.5750000000000002
I639KRI-98,8.4,8.82
IEFU757UG-75,9.9,10.395000000000001
IEFU877UG-75,7.84,8.232
IEFU515UG-75,11.47,12.043500000000002
IEFU755UG-75,10.22,10.731000000000002
IEFU594UGV-75,17.84,18.732
IEFU194UG-75,14.64,15.372000000000002
IEFU194UGV-75,22.01,23.110500000000002
IEFU033UG-75,17.73,18.616500000000002
IEFU513UG-75,12.79,13.429499999999999
I639IX-98,1.5,1.5750000000000002
I639KRI-98,8.43,8.8515
IEFU594UG-75,14.5,15.225000000000001
I639KRI-98,8.3,8.715000000000002
I639IX-98,1.5,1.5750000000000002
IOA655987-75,11.17,11.7285
IOA795993-75,7.12,7.476000000000001
IOA495984-75,8.47,8.893500000000001
IHH89949-95,14.09,14.794500000000001
IHH84959-95,24.11,25.3155
IHH84949-95,17.68,18.564
IHH89959-95,9.44,9.911999999999999
IHHC59-95,23.8,24.990000000000002
IHHC49-95,17.16,18.018
I5VNOHG,20.74,21.777
IHM89959WZ4-95,13.3,13.965000000000002
IHM79949WZ4-95,,
I2VNOHG,33.64,35.322
IHM89949WZ4-95,26.37,27.6885
IHM84959WZ4-95,30.47,31.9935
IHM79959WZ4-95,24.84,26.082
IHMCKX,15.84,16.632
IHMY5-O,3.94,4.1370000000000005
IHMY5-H,2.98,3.129
IHM4O14-H,2.41,2.5305000000000004
IHM4O14-N,3.14,3.297
IHM84949WZ4-95,16.15,16.9575
I5VNOHG,20.58,21.608999999999998
IHM84959ND4-95,18.93,19.8765
I2VNOHG,33.67,35.353500000000004
IHMND-IX,13.43,14.1015
IHMY5-H,2.99,3.1395000000000004
I5VNOHG,20.84,21.882
I2VNOHG,33.78,35.469
IHMND,5.9,6.195
IHMND-IX,13.54,14.217
IHMCKX,15.82,16.611
IHMY5-O,3.95,4.1475
IHMCXXG6-95,28.15,29.5575
IHG49XXG6-95,7.65,8.0325
IHG849XXG6-95,18.21,19.120500000000003
IHG699XXG6-95,33.22,34.881
IHG89XXG6-95,4.31,4.5255
IHG79XXG6-95,4.52,4.7459999999999996
IHG69XXG6-95,7.15,7.5075
IHG899XXG6-95,17.52,18.396
IHG799XXG6-95,31.84,33.432
IHG79XXG6K-95,7.75,8.137500000000001
IHG49XXG6K-95,13.85,14.5425
IHG89XXG6K-95,6.35,6.6674999999999995
IHG69XXG6K-95,9.52,9.996
IHG6949XXG6-95,10.65,11.182500000000001
IHG8979XXG6-98,5.13,5.3865
IHG6949XXG6-98,10.51,11.0355
IHG8979XXG6-95,6.62,6.9510000000000005
IHG6949XXG6K-95,12.91,13.5555
IHG8979XXG6K-95,8.7,9.135
IHG8979XXG6K-98,6.67,7.0035
IHG6949XXG6K-98,14.06,14.763000000000002
IXN84959-95,28.05,29.4525
IXN6959-95,10.65,11.182500000000001
IXN79959-95,43.89,46.084500000000006
IXN69959-95,101.11,106.16550000000001
IXNH-95,7.99,8.3895
IXN4959-95,10.84,11.382
IXN89959-95,27.07,28.4235
IXN6959ZH-95,11.72,12.306000000000001
IXN4959ZH-95,16.59,17.4195
IXN0959ZH-95,33.42,35.091
IXN87459ZH-95,36.46,38.283
IXN82959ZH-95,62.92,66.066
IXN70959ZH-95,105.3,110.565
IXNH-95,8,8.4
I5VNOHG,20.84,21.882
IKRIND-SRN68H,31.46,33.033
IHD55-K,0.82,0.861
I2VNOHG,33.7,35.385000000000005
IXLMRK31-95,0.68,0.7140000000000001
IKW87949WZ-76,84.5,88.72500000000001
IKW84949WZ-76,64.03,67.23150000000001
SIX-88,12.76,13.398
IWOSIE-SND67H,16.26,17.073000000000004
IKWO09,1.65,1.7325
IKWIY,2.59,2.7195
IIW639ND-98,13.93,14.6265
IUZ87C9-95,7.22,7.581
IUZ69C9KX-95,22.42,23.541000000000004
IUZ69C9-95,20.18,21.189
IUZ49C9-95,17.44,18.312
IUWNDH,4.19,4.399500000000001
IUWVN,9.7,10.185
IUWKX,1.31,1.3755000000000002
IUWC-95,6.72,7.056
IZD899-74,60.71,63.74550000000001
IZD849-74,,
IZD39-74,38.18,40.089
IZD59-74,31.57,33.1485
IZDKX,1.54,1.6170000000000002
,,
IWU234OVZW,3.08,3.2340000000000004
IWU9469-95,4.89,5.1345
I64DOVWG,3.88,4.074
ISU9269-74,24.21,25.4205
IGU9569-74,22.04,23.142
IXUTFHH-95,12.22,12.831000000000001
IXUTFHH-86,11.87,12.4635
IXUTFHH-74,9.17,9.6285
IXUTF-95,2.1,2.205
IXUTFZT-95,2.88,3.024
IOUTF-95,3.33,3.4965
OH49TF-95,4.18,4.389
I7RM86D,11.61,12.1905
I6RM86D,15.04,15.792
I87DOVWG,8.56,8.988000000000001
INC8969-95,8.54,8.966999999999999
INC8969-74,7.45,7.822500000000001
INM9569-95,18.61,19.5405
INM79569-95,17.23,18.0915
IXE9369-95,6.39,6.7095
IXG79369-95,6.09,6.3945
IXU7TFHHK-86,12.22,12.831000000000001
IXU8TFHHK-95,9.73,10.216500000000002
IXU8TFHHK-86,10.54,11.067
IXU8TFHHK-74,8.11,8.5155
IXU7TFHHK-95,15,15.75
IXU7TFHHK-74,12.48,13.104000000000001
IGYTF-95,3.37,3.5385000000000004
IZX8TF-95,2.33,2.4465000000000003
IZX7TF-95,5.12,5.376
IGR8669-74,9.6,10.08
IHL759K-95,4.48,4.704000000000001
IHL259K-95,12.41,13.0305
IHL659K-95,6.16,6.468000000000001
IHL759K-98,3.6,3.7800000000000002
IHL659K-98,6.42,6.7410000000000005
IHL259K-98,13.49,14.1645
IGD9669IT-75,4.61,4.8405000000000005
IGD9769ITO-75,5.66,5.9430000000000005
IGD9869IT-75,4.44,4.662000000000001
IGD9769X-75,4.13,4.3365
IGD9669X-75,3.76,3.948
IGD9669HJ-75,4.16,4.368
IGD9869HJ-75,3.94,4.1370000000000005
I864-95,6.41,6.7305
I864-86,6.11,6.415500000000001
I864-74,8.35,8.7675
I764-95,7.35,7.7175
I764-86,9.36,9.828
I764-74,10.38,10.899000000000001
ILK1C9-98,8.91,9.355500000000001
ILK1C9-95,7.7,8.085
ISXCXXG6-98,3.67,3.8535
ISXCXXG6K-98,8.48,8.904000000000002
ISECXXG6K-98,4.97,5.2185
ISECXXG6-98,4.09,4.2945
ISX8769-98,3.28,3.444
ISE8769-98,3.35,3.5175
ISX8759-98,4.22,4.431
ISE8759-98,3.58,3.7590000000000003
IIY85XXG6H-98,9.83,10.3215
IIY85XXG6-98,9.73,10.216500000000002
IIY85XXG6V-98,20.67,21.703500000000002
IIYGIRNK-98,1.13,1.1864999999999999
IIYGIRNK-95,1.95,2.0475
IIYGIRNK-75,1.61,1.6905000000000001
IIYGIRNVB-98,1.78,1.8690000000000002
IIYGIRNVB-95,2.65,2.7825
IIYGIRNVB-75,1.74,1.827
IIYHXIVD,0.43,0.4515
I5D69OVWYS-98,3.18,3.3390000000000004
I5DOVWYS-98,6.04,6.3420000000000005
I39YSKRI-95,5.56,5.838
I39YSKRI-98,6.35,6.6674999999999995
I39YSKX-98,7.13,7.4865
I39YSKX-95,4.38,4.599
IHG49XXG6-95,7.56,7.938
IHG849XXG6-95,18.22,19.131
IHG699XXG6-95,33.42,35.091
IHG89XXG6-95,4.38,4.599
IHG79XXG6-95,4.48,4.704000000000001
IHG69XXG6-95,7.09,7.444500000000001
IHG899XXG6-95,17.6,18.480000000000004
IHG799XXG6-95,32.12,33.726
IHG79XXG6K-95,7.8,8.19
IHG49XXG6K-95,13.72,14.406
IHG89XXG6K-95,6.43,6.7515
IHG69XXG6K-95,9.65,10.1325
IHG6949XXG6-95,10.76,11.298
IHG8979XXG6-98,5.19,5.4495000000000005
IHG6949XXG6-98,10.44,10.962
IHG8979XXG6-95,6.67,7.0035
IHG6949XXG6K-95,13.05,13.7025
IHG8979XXG6K-95,8.83,9.2715
IHG8979XXG6K-98,6.67,7.0035
IHG6949XXG6K-98,14.01,14.7105
ISO7959-95,2.26,2.3729999999999998
I89UHZ-95,2.51,2.6355
ISO4959-95,5.75,6.0375000000000005
ISO8969-95,2.57,2.6985
ISO8959-95,1.51,1.5855000000000001
ISO8959-98,1.99,2.0895
ISO7969-95,3.78,3.969
ISO7959-98,4.4,4.620000000000001
ISO6969-95,4.86,5.103000000000001
ISO6959-98,6.14,6.447
ISO4969-95,7.49,7.8645000000000005
ISO4959-98,8.52,8.946
ISO89969-95,8.88,9.324000000000002
ISO89959-95,8.48,8.904000000000002
ISO89959-98,10.08,10.584000000000001
INXHKRPV-95,0.53,0.5565000000000001
I89UHZ-98,2.6,2.7300000000000004
ISO6959-95,3.53,3.7065
ISO4959K-95,9.57,10.0485
ISO7959K-95,5.06,5.313
I89UHZ-95,2.52,2.6460000000000004
ISO8969K-95,3.86,4.053
ISO8959K-98,4.61,4.8405000000000005
ISO7969K-95,5.79,6.0795
ISO7959K-98,5.52,5.795999999999999
ISO6969K-95,5.21,5.4705
ISO6959K-95,6.49,6.814500000000001
ISO6959K-98,8.15,8.557500000000001
ISO4969K-95,7.64,8.022
ISO4959K-98,8.08,8.484
INXHKRPV-95,0.53,0.5565000000000001
I89UHZ-98,2.6,2.7300000000000004
ISO8959K-95,4.92,5.166
IXC896934-74,29.69,31.174500000000002
IXC936929-95,10.92,11.466000000000001
IIC846939-74,41.17,43.228500000000004
IIC8469899-74,34.88,36.624
IXC846939-74,35.75,37.5375
IXC846919-74,29,30.450000000000003
IDC906919-74,30.04,31.542
IDC906939-74,33.07,34.7235
INC34V-74,15.56,16.338
ITC29V-95,7.44,7.812000000000001
ILI79C901-95,51.87,54.463499999999996
ILI79C936-95,29.81,31.3005
IPT9869HH-86,15.43,16.2015
IPT9669HH-86,30.62,32.151
IPT9269HH-86,30.3,31.815
IPT9769HH-86,16.85,17.692500000000003
IPT39869HH-86,17.25,18.1125
IPT879869HH-86,34.51,36.2355
I6OVW89H-98,19.19,20.149500000000003
I6OVW4H-98,12.54,13.167
I6OVW4H-92,15.07,15.823500000000001
I6OVW89HDD-98,16.77,17.6085
I6OVW89H-92,26.58,27.909
I89OVW759H-98,10.54,11.067
I3OVW759H-98,6.32,6.636000000000001
I81ZHTO,28.75,30.1875
,,
IGB8969-95,8,8.4
IGB8959-98,9.68,10.164
IGB8959-95,7.13,7.4865
IGB8969-98,9.31,9.775500000000001
IGP8759-98,10.82,11.361
IGP8759-95,14.27,14.9835
IGN6459-98,26.34,27.657
IGN7459-95,13.65,14.332500000000001
IGN7459-98,22.01,23.110500000000002
IGN6469-98,17.36,18.228
IGN6469-95,27.15,28.5075
IGN6459-95,31.47,33.0435
I111TA-98,2.03,2.1315
I111TA-86,3.72,3.9060000000000006
I111TA6-98,10.39,10.909500000000001
I111TA6-86,13.89,14.584500000000002
IH193TA-98,2.63,2.7615
IH193TA-86,2.38,2.499
IH193TA6-86,12.45,13.0725
I7G-98,5.93,6.2265
I8G-95,4.82,5.061000000000001
I7G-95,7.62,8.001000000000001
I8G-86,5.92,6.216
I6G-98,12.77,13.4085
I6G-95,12.49,13.114500000000001
I8G-98,5.5,5.775
IX-95,1.32,1.3860000000000001
IOV-98,0.92,0.9660000000000001
IOV-95,0.76,0.798
IGHP84,3.88,4.074
IGZ-98,0.48,0.504
IO-98,1.87,1.9635000000000002
IO-95,1.75,1.8375000000000001
IG-98,1.6,1.6800000000000002
IG-95,1.72,1.806
IOV-86,0.68,0.7140000000000001
IX-86,2.34,2.457
IX-98,1.67,1.7535
,,
IHN-HWI,1.5,1.5750000000000002
IHNH6P,1.89,1.9845
IHNH-X,0.34,0.35700000000000004
IHNZ-X,0.34,0.35700000000000004
IHNH-VX,0.11,0.1155
IHNI-VX,0.19,0.1995
IHNZ-VX,0.12,0.126
IHN-WHK,0.41,0.4305
IHN-WWI,2.63,2.7615
IHN-SH,1.17,1.2285
IHN-GH,1.58,1.6590000000000003
IHN-KRI,1.33,1.3965
IHNI-VVX,0.5,0.525
IHNH-VVX,0.38,0.399
IHNZ-VVX,0.47,0.4935
IHNI-X,0.31,0.3255
IHNH5P,2.63,2.7615
IHNI6P,2.51,2.6355
IHNI5P,1.94,2.037
IHNZ6P,2.77,2.9085
IHNZ5P,2.82,2.961
IOVWHGI6C-98,2.29,2.4045
IOVWHGI85C-98,4.3,4.515
IOVWHGI89C-98,3.48,3.654
IOVWHGI1C-98,3.44,3.612
IOVWHGI5C-98,3.47,3.6435000000000004
IOHGI8999OVZW,0.69,0.7244999999999999
IOHGI749OVZW,0.3,0.315
IOHGI499OVZW,0.39,0.40950000000000003
IXW7K469-98,2.14,2.2470000000000003
IXW7K469-86,2.54,2.6670000000000003
IXW7K459-98,2.44,2.562
IXW7K459-86,3.06,3.213
IXWGH-86,0.94,0.987
IBZ7K469-86,3.11,3.2655
IBZ7K459-86,2.59,2.7195
,,
IHU79834-98,3.08,3.2340000000000004
IHU79834-96,3.3,3.465
IHU79834-86,4.33,4.5465
IH89834TA-96,2.5,2.625
IH89834TA-86,2.23,2.3415
IH89834TA-98,2.28,2.3939999999999997
IWZ8469-96,6.39,6.7095
IWZ9169H-98,12.58,13.209000000000001
IHS2OVW-96,16.48,17.304000000000002
IHS2OVW-98,11.06,11.613000000000001
I8649SHW-98,37.47,39.3435
IWKGZ-98,10.1,10.605
IWKGZ RMWRXZGLI,2.1,2.205
IWKGZ KFOOXLIW,3.16,3.3180000000000005
IWKGZ IVHVG KZMVO,6.38,6.699
,,
I1NOVWOHG-98,10.31,10.825500000000002
I1NOVWGH-98,6.08,6.384
I1NOVW-98,6.06,6.3629999999999995
I1NOVWWVCOI,0.41,0.4305
IYFOPOVT,0.28,0.29400000000000004
I1NOVWWV,3.42,3.591
I1NOVWIHY-98,1.85,1.9425000000000001
IHR5O-98,4.03,4.2315000000000005
IHR5OHG-98,6.25,6.5625
I1VNOK5F-98,6.88,7.224
I1VNOK5W-98,9.07,9.5235
I1VNI,1.13,1.1864999999999999
I1VNO,0.8,0.8400000000000001
I1VNW,0.98,1.029
I1VNF,1.04,1.092
IVNHGF,2.48,2.604
I1VNOK5FW-95,8.67,9.1035
IVC5K9-98,8.65,9.082500000000001
IVC5K9OHG-98,12.91,13.5555
IYV5WG-98,7.74,8.127
IHH8K4-98,7.07,7.423500000000001
IHHW,2.42,2.541
IHHOI,1.66,1.7429999999999999
IHHIHY,1.23,1.2915
IHH8K4W-98,6.65,6.982500000000001
IWW8K4OX-98,6.94,7.287000000000001
IWW8K4OL-98,6.32,6.636000000000001
IXM7HG-95,9.8,10.290000000000001
IXM5HGL-98,10.17,10.6785
IXM7HG-98,7.13,7.4865
IZE6HG-95,11.99,12.589500000000001
IZE6HG-98,9.82,10.311
IUM7-98,7.99,8.3895
IUM7HG-98,12.93,13.576500000000001
INI4OHG-98,15,15.75
I6VNKP5-KHF,11.16,11.718
I5VNOHG,20.74,21.777
I2VNOHG,33.96,35.658
,,
IXYTD,13.15,13.807500000000001
IXYDH7,5.74,6.027
IEZXXG8-DRUR,8.16,8.568000000000001
IEZXXG7-DRUR,9.37,9.8385
IEZITY-DRUR,7.53,7.9065
IEZITYD-DRUR,7.46,7.833
IXIC799W,8.62,9.051
IXK86FP-98,3.35,3.5175
IXK83VF-98,,
IXWH-98,8.42,8.841000000000001
IXKRI-98,7.81,8.2005
IXXR8919-98,20.66,21.693
IXXL8919-98,23.79,24.9795
IXW8919-95,26.72,28.056
IXXSRNV-98,3.31,3.4755000000000003
IXTF4ITYXCS,2.98,3.129
,,
ISANNVM-98,75.93,79.72650000000002
ISAHK693939-98,33.62,35.301
ISATZ69-98,26.39,27.709500000000002
ISAVGN86,20.45,21.4725
ISAVGNS,,
ISAHX5484-98,44.87,47.1135
ISAHXXG7,,
,,
ICA89WRN6-XGIO,45.44,47.711999999999996
ICA89WRN-XGIO,21.36,22.428
ICAND8434,29.5,30.975
ICAWO34,,
ICANNVM-98,42.14,44.247
ICANFO79,34.15,35.8575
,,
IWS4K4W7D,1.49,1.5645
IWS4K972WF,0.86,0.903
IWS4K969WF,1.12,1.1760000000000002
IWS4K959WF,0.91,0.9555000000000001
IWS4K9693WF,1.31,1.3755000000000002
IWS4K9593WF,1.1,1.1550000000000002
IWS5K469,0.49,0.5145
IWS5K459,0.49,0.5145
IWS5K4693,0.43,0.4515
IWS5K4593,0.52,0.546
IXTF4ITYXCS,3,3.1500000000000004
,,
IKI639KRII-98,3.22,3.3810000000000002
IKI639KRIU-98,2.42,2.541
IF639-98,6.01,6.3105
IF639-95,4.85,5.0925
II639-98,3.48,3.654
IKI639KRIH-98,2.56,2.688
I819-95,2.76,2.8979999999999997
I819-98,3.49,3.6645000000000003
IKI819KRI-95,3.12,3.2760000000000002
IKI819KRI-98,2.61,2.7405
IKIYIP-98,0.42,0.441
IKIYIP-95,0.34,0.35700000000000004
IKI819KRID-98,3.88,4.074
IKI639RK55-98,2.04,2.1420000000000003
IIW639ND-98,14.05,14.752500000000001
IWOSIE-SND67H,16.37,17.1885
SIX-88,12.73,13.3665
IKRIND-SRN68H,31.46,33.033
SIX-88,12.75,13.387500000000001
IHD55-K,0.82,0.861
IOZ749WGT-98,8.65,9.082500000000001
I8998T7D,4,4.2
I8997T7D,8.63,9.0615
,,
IPX7H,2.9,3.045
IIU89,3.31,3.4755000000000003
IYITA89,0.5,0.525
HXTA8949,0.24,0.252
XXORK,0.06,0.063
GOHX,0.02,0.021
IZT79-75,0.09,0.0945
IZT79,0.08,0.084
IZT83-98,,
IZT83-75,0.12,0.126
IZT79-95,,
IZT79-73,,
IXLMRK31-95,0.68,0.7140000000000001
IZT74,0.14,0.14700000000000002
IZT74-75,,
IZT74-73,,
I1NFHGOVW-98,15.13,15.886500000000002
