ITEM CODE,IE Trade,IE High,IE Mid,IE Low,IE Base,IE EDM,IE ANEW
,,,,,,,
IEZ51697949,6.59,2.62,2.38,2.26,2.15,2.49,2.49
IEZ51597949,8.36,3.32,3.02,2.87,2.72,3.17,3.17
IEZ51693269,14.9,5.96,5.26,4.92,4.57,5.65,5.52
IEZ51593269,14.99,6,5.3,4.95,4.6,5.69,5.55
,,,,,,,
IEZ51697949-XFG,6.69,2.66,2.41,2.3,2.18,2.53,2.54
IEZ51597949-XFG,5.71,2.27,2.06,1.96,1.86,2.16,2.17
IEZ51693269-XFG,15.5,6.2,5.48,5.12,4.75,5.88,5.74
IEZ51593269-XFG,10.47,4.19,3.7,3.45,3.21,3.97,3.88
,,,,,,,
IEZ27ITY7949,11.18,4.47,3.95,3.69,3.43,4.24,4.14
IEZ27ITY3269,16.26,6.51,5.7,5.43,5.16,6.17,5.98
,,,,,,,
IEZ27ITY7949-XFG,13.45,5.38,4.75,4.44,4.12,5.1,4.98
IEZ27ITY3269-XFG,18.14,7.25,6.34,6.04,5.74,6.87,6.66
,,,,,,,
IEZ03697949,15.37,6.17,5.52,5.19,4.87,5.85,5.79
IEZ03597949,17.03,6.84,6.11,5.75,5.4,6.49,6.41
IEZ03693269,18.52,7.42,6.59,6.18,5.77,7.04,6.92
IEZ03593269,16.83,6.74,5.99,5.62,5.25,6.4,6.29
,,,,,,,
IEZ03697949-XFG,12.68,5.09,4.55,4.28,4.02,4.83,4.77
IEZ03597949-XFG,11,4.42,3.95,3.72,3.49,4.19,4.14
IEZ03693269-XFG,15.88,6.36,5.65,5.3,4.95,6.04,5.93
IEZ03593269-XFG,23.55,9.43,8.39,7.86,7.34,8.96,8.8
,,,,,,,
,,,,,,,
IEZ85ITY7949,14.67,5.88,5.14,4.9,4.66,5.57,5.4
IEZ85ITY3269,19.81,7.93,6.9,6.52,6.14,7.52,7.25
,,,,,,,
IEZ85ITY7949-XFG,20.46,8.17,7.15,6.81,6.48,7.75,7.51
IEZ85ITY3269-XFG,16.38,6.55,5.7,5.39,5.07,6.22,5.99
,,,,,,,
IEZ87ITYD7969-69,28.36,11.35,9.73,9.19,8.65,10.79,10.22
IEZ87ITYD7969-59,22.12,8.86,7.59,7.17,6.75,8.41,7.97
IEZ87ITYD3269-69,27.82,11.14,9.66,9.14,8.62,10.58,10.15
IEZ87ITYD3269-59,31.91,12.77,11.09,10.49,9.89,12.14,11.64
,,,,,,,
IEZ87ITYD7969-69XFG,22.35,8.95,7.67,7.24,6.82,8.5,8.06
IEZ87ITYD7969-59XFG,38.57,15.44,13.24,12.5,11.76,14.67,13.9
IEZ87ITYD3269-69XFG,45.75,17.96,15.58,14.74,13.89,17.55,16.36
IEZ87ITYD3269-59XFG,41,16.41,14.24,13.47,12.7,15.59,14.96
,,,,,,,
IEZ03773269,18.7,7.45,6.62,6.21,5.8,7.1,7.1
IEZ03773269-XFG,20.4,8.55,7.61,7.13,6.66,8.15,8.15
,,,,,,,
IEZO4757969-69,13.31,5.34,4.68,4.49,4.3,5.08,5.08
IEZO4757969-59,7.54,3.02,2.65,2.54,2.43,2.88,2.88
IEZO4753269-69,10.61,4.25,3.84,3.69,3.54,4.03,4.03
IEZO4753269-59,16.59,6.65,6.01,5.77,5.52,6.3,6.3
,,,,,,,
IEA514-69,31.61,12.65,11.17,10.63,10.08,12.01,12.01
IEA514-59,46.04,18.42,16.27,15.48,14.69,17.5,17.5
,,,,,,,
IEZ03XXG77949,19.11,7.64,6.74,6.42,6.09,7.25,7.25
IEZ03XXG73269,20.24,8.09,7.21,6.84,6.48,7.69,7.69
IEZ807XXG77949,26.31,10.5,9.27,8.82,8.38,9.99,9.99
IEZ807XXG73269,23.05,9.22,8.15,7.74,7.33,8.76,8.76
,,,,,,,
IEZ03XXG77949-XFG,19.89,7.96,7.02,6.68,6.34,7.55,7.55
IEZ03XXG73269-XFG,20.44,8.17,7.28,6.91,6.54,7.76,7.76
IEZ807XXG77949-XFG,29.84,11.91,10.51,10.01,9.5,11.33,11.33
IEZ807XXG73269-XFG,31.73,12.69,11.22,10.66,10.09,12.06,12.06
,,,,,,,
IEV6P4,19.09,7.63,6.75,6.75,6.75,7.27,7.27
IEV5P4,15.6,6.23,5.52,5.52,5.52,5.94,5.94
IEV6P89,27.83,11.13,9.84,9.84,9.84,10.58,10.58
IEV5P89,41.2,16.48,14.57,14.57,14.57,15.66,15.66
,,,,,,,
IEV6P344,27.23,10.89,9.62,9.62,9.62,10.34,10.34
IEV5P344,29.33,11.73,10.36,10.36,10.36,11.14,11.14
IEV6P3489,78.15,31.26,27.62,27.62,27.62,29.7,29.7
IEV5P3489,76.08,30.43,26.89,26.89,26.89,28.92,28.92
,,,,,,,
IEZ6P8,7.21,2.88,2.62,2.49,2.36,2.75,2.75
IEZ5P8,5.73,2.29,2.08,1.98,1.88,2.18,2.18
IEZ6P6,22.09,8.83,8.02,7.63,7.24,8.42,8.42
IEZ5P6,30.3,12.12,11.01,10.47,9.94,11.55,11.55
IEZ6P4,45.03,18.01,16.36,15.56,14.76,17.16,17.16
IEZ5P4,29.75,11.9,10.81,10.28,9.75,11.34,11.34
,,,,,,,
IEZITY6P8,18.38,7.34,6.48,6.3,6.13,6.96,6.96
IEZITY5P8,17.77,7.1,6.27,6.09,5.92,6.73,6.73
IEZITY6P6,47.66,19.05,16.82,16.36,15.89,18.07,18.07
IEZITY5P6,36.32,14.52,12.82,12.46,12.11,13.77,13.77
IEZITY6P4,74.4,29.75,26.26,25.55,24.83,28.22,28.22
IEZITY5P4,70.73,28.28,24.97,24.29,23.61,26.83,26.83
,,,,,,,
IEZ6P328,15.24,6.1,5.39,5.03,4.67,5.79,5.79
IEZ5P328,9.59,3.83,3.39,3.16,2.94,3.64,3.64
IEZ6P326,26.01,10.4,9.19,8.58,7.97,9.87,9.87
IEZ5P326,46.28,18.51,16.35,15.27,14.19,17.56,17.56
IEZ6P324,67.81,27.12,23.96,22.37,20.79,25.73,25.73
IEZ5P324,67.51,27,23.85,22.27,20.7,25.62,25.62
,,,,,,,
IEZITY6P328,20.58,8.23,7.27,7.04,6.81,7.82,7.82
IEZITY5P328,21.81,8.72,7.71,7.46,7.21,8.29,8.29
IEZITY6P326,65.86,26.35,23.28,22.53,21.78,25.04,25.04
IEZITY5P326,50.61,20.24,17.89,17.31,16.74,19.24,19.24
IEZITY6P324,134.19,53.68,47.44,45.91,44.38,51.01,51.01
IEZITY5P324,130.32,52.13,46.07,44.59,43.1,49.54,49.54
,,,,,,,
IEZ5169OXM-O,2.39,0.96,0.85,0.82,0.79,0.91,0.91
IEZ5169OXM-I,2.53,1.01,0.9,0.86,0.83,0.97,0.97
IEZ5159OXM-O,2.15,0.86,0.77,0.74,0.71,0.82,0.82
IEZ5159OXM-I,2.72,1.09,0.97,0.93,0.89,1.04,1.04
IEZ0369OXM-O,2.12,0.85,0.76,0.73,0.69,0.81,0.81
IEZ0369OXM-I,2.06,0.82,0.74,0.7,0.67,0.79,0.79
IEZ0359OXM-O,2.53,1.01,0.91,0.87,0.82,0.97,0.97
IEZ0359OXM-I,2.21,0.88,0.8,0.76,0.72,0.84,0.84
,,,,,,,
IEZXXG8-X,1.03,0.41,0.35,0.33,0.31,0.39,0.39
IEZXXG7M-X,1.46,0.58,0.52,0.48,0.45,0.55,0.55
IEZITYM-X,1.25,0.5,0.44,0.41,0.39,0.47,0.47
IEZITYDM-X,1.84,0.74,0.65,0.62,0.59,0.7,0.7
,,,,,,,
IEZXXG8-X8,1.03,0.4,0.36,0.35,0.33,0.39,0.39
IEZXXG7M-X8,1.28,0.51,0.45,0.43,0.41,0.49,0.49
IEZITYM-X8,2.11,0.85,0.75,0.73,0.71,0.81,0.81
IEZITYDM-X8,2.35,0.94,0.83,0.8,0.77,0.89,0.89
,,,,,,,
IEZXXG8-X7,1.43,0.57,0.51,0.48,0.45,0.54,0.54
IEZXXG7M-X7,3.25,1.3,1.15,1.12,1.08,1.24,1.24
IEZITYM-X7,2.49,1,0.88,0.86,0.84,0.95,0.95
IEZITYDM-X7,2.91,1.16,1.03,1.01,0.99,1.1,1.1
,,,,,,,
IEZXXG8-X87,4.53,1.81,1.61,1.58,1.54,1.73,1.73
IEZXXG7M-X87,6.23,2.49,2.2,2.14,2.08,2.36,2.36
IEZITYM-X87,6.31,2.52,2.23,2.18,2.13,2.4,2.4
IEZITYDM-X87,8.22,3.29,2.9,2.82,2.73,3.12,3.12
,,,,,,,
IEZXXG8-XC,0.61,0.26,0.22,0.21,0.2,0.24,0.24
,,,,,,,
IEZITYO-XLMM,9.27,3.68,3.35,3.18,3.02,3.51,3.51
IEZITYDO-XLMM,10.15,4.06,3.58,3.35,3.11,3.85,3.76
,,,,,,,
IEZITYG-XLMM,11.66,4.69,3.96,3.78,3.6,4.44,4.16
IEZITYDG-XLMM,15.94,6.38,5.54,5.27,4.99,6.06,5.82
,,,,,,,
IEZITYDC-XLMM,24.16,9.67,8.64,8.13,7.61,9.18,9.07
IEZITYC-XLMM,13.5,5.39,4.72,4.55,4.39,5.13,4.95
,,,,,,,
IEZXXG8-O,3.82,1.52,1.35,1.3,1.24,1.45,1.45
IEZXXG8-G,7.55,3.17,2.81,2.72,2.62,3.02,3.02
IEZXXG8-C,5.67,2.38,2.11,2.05,1.99,2.26,2.26
,,,,,,,
IEZ32XXG7-X,5.87,2.34,2.09,1.98,1.88,2.22,2.22
IEZ32M-X,2.3,0.92,0.82,0.76,0.7,0.87,0.87
IEZ32ITYDM-X,3.36,1.34,1.19,1.15,1.1,1.28,1.28
IEZITYM-X,1.25,0.5,0.44,0.41,0.39,0.47,0.47
,,,,,,,
IEZ32XXG7-X8,5.37,2.15,1.91,1.83,1.75,2.03,2.03
IEZ32M-X8,2.49,1,0.89,0.86,0.84,0.95,0.95
IEZ32ITYM-X8,4.93,1.97,1.77,1.71,1.65,1.88,1.88
IEZ32ITYDM-X8,5.78,2.31,1.85,1.8,1.74,2.2,2.2
,,,,,,,
IEZ32XXG7-X7,6.17,2.47,2.19,2.1,2,2.34,2.34
IEZ32M-X7,4.55,1.82,1.62,1.56,1.49,1.74,1.74
IEZ32ITYM-X7,7.02,2.79,2.46,2.39,2.33,2.66,2.66
IEZ32ITYDM-X7,5.7,2.28,2,1.96,1.91,2.17,2.17
,,,,,,,
IEZ32XXG7-X87,5.22,2.09,1.84,1.8,1.77,1.99,1.99
IEZ32M-X87,7.96,3.18,2.79,2.73,2.68,3.02,3.02
IEZ32ITYM-X87,6.54,2.61,2.29,2.25,2.22,2.48,2.48
IEZ32ITYDM-X87,11.18,4.47,3.95,3.89,3.83,4.26,4.26
,,,,,,,
IEZ32-T,4.43,1.79,1.5,1.44,1.39,1.67,1.67
IEZ32-S,3.44,1.38,1.19,1.14,1.09,1.31,1.31
IEZ32-VX,5.65,2.27,1.92,1.86,1.79,2.15,2.15
,,,,,,,
IEZXG,14.98,5.99,5.29,5.29,5.29,5.69,5.69
,,,,,,,
INF279-69,11.15,4.47,3.95,3.95,3.95,4.24,4.25
INF279-59,10.33,4.14,3.66,3.66,3.66,3.93,3.94
INF232-69,17.46,6.98,6.17,6.17,6.17,6.63,6.63
INF232-59,17.54,7.01,6.2,6.2,6.2,6.66,6.66
,,,,,,,
,,,,,,,
INF8579-69,24.12,9.65,8.52,8.52,8.52,9.16,9.16
INF8579-59,18.71,7.49,6.61,6.61,6.61,7.11,7.11
INF8532-69,30.26,12.1,10.69,10.69,10.69,11.5,11.5
INF8532-59,20.86,8.34,7.37,7.37,7.37,7.93,7.93
,,,,,,,
INF8579-69XFG,22.19,8.88,7.84,7.84,7.84,8.43,8.43
INF8579-59XFG,22.11,8.85,7.81,7.81,7.81,8.4,8.4
INF8532-69XFG,23.71,9.48,8.38,8.38,8.38,9.02,9.02
INF8532-59XFG,27.23,10.89,9.62,9.62,9.62,10.35,10.35
,,,,,,,
INFXLYITY79,16.11,6.44,5.69,5.69,5.69,6.12,6.12
INFXLYITY32,29.94,11.98,10.58,10.58,10.58,11.38,11.38
,,,,,,,
,,,,,,,
IEXITYD79-69,20.68,8.27,7.32,7.32,7.32,7.87,7.87
IEXITYD79-59,17.58,7.03,6.23,6.23,6.23,6.68,6.7
IEXITYD32-69,36.87,14.75,13.04,13.04,13.04,14.02,14.02
IEXITYD32-59,31.53,12.61,11.15,11.15,11.15,11.98,11.98
,,,,,,,
IEXITYD32-69XFG,31.24,12.5,11.04,11.04,11.04,11.88,11.88
,,,,,,,
IEX6P8,11.5,4.61,4.07,4.07,4.07,4.38,4.38
IEX5P8,8.57,3.43,3.04,3.04,3.04,3.27,3.27
IEX6P6,34.38,13.75,12.16,12.16,12.16,13.07,13.07
IEX5P6,28.96,11.58,10.24,10.24,10.24,11.01,11.01
IEX72P4,32.49,13,11.48,10.92,10.36,12.35,12.35
IEX6P4,58.53,23.41,20.69,20.69,20.69,22.24,22.24
IEX5P4,43.36,17.34,15.32,15.32,15.32,16.48,16.48
,,,,,,,
IEXITYD6P8,23.04,9.2,8.14,8.14,8.14,8.76,8.76
IEXITYD5P8,17.16,6.87,6.07,6.07,6.07,6.52,6.52
IEXITYD6P6,62.89,25.16,22.23,22.23,22.23,23.9,23.9
IEXITYD5P6,71.28,28.51,25.19,25.19,25.19,27.09,27.09
IEXITYD6P4,120.06,48.02,42.43,42.43,42.43,45.63,45.63
IEXITYD5P4,132.98,53.19,47,47,47,50.54,50.54
,,,,,,,
IEX6P328,11.58,4.63,4.1,4.1,4.1,4.4,4.4
IEX5P328,18.3,7.32,6.47,6.47,6.47,6.96,6.96
IEX6P326,33.07,13.23,11.68,11.68,11.68,12.56,12.56
IEX5P326,50.5,20.2,17.84,17.84,17.84,19.18,19.18
IEX72P324,72.02,28.81,25.44,23.76,22.08,27.35,27.35
IEX6P324,62.16,24.87,21.97,21.97,21.97,23.63,23.63
IEX5P324,99.09,39.64,35.03,35.03,35.03,37.66,37.66
,,,,,,,
IEXITYD6P328,37.99,15.2,13.43,13.43,13.43,14.44,14.44
IEXITYD5P328,22.46,8.99,7.94,7.94,7.94,8.54,8.54
IEXITYD6P326,96.57,38.63,34.12,34.12,34.12,36.69,36.69
IEXITYD5P326,68.3,27.32,24.13,24.13,24.13,25.95,25.95
IEXITYD6P324,147.2,58.88,52.02,52.02,52.02,55.94,55.94
IEXITYD5P324,120.8,48.32,42.69,42.69,42.69,45.9,45.9
,,,,,,,
INFXXG8-O,5.24,2.11,1.86,1.72,1.58,1.99,2
INFXXG8-G,8.07,3.23,2.86,2.64,2.43,3.08,3.08
,,,,,,,
INF-X,3.01,1.22,1.09,1.01,0.92,1.15,1.15
INFXLYITY-X,2.32,0.93,0.82,0.75,0.69,0.88,0.88
IEXITYD-X,2.12,0.85,0.75,0.7,0.65,0.8,0.8
,,,,,,,
INF-X8,4.02,1.61,1.4,1.34,1.27,1.52,1.52
INFXLYITY-X8,4.04,1.61,1.42,1.36,1.29,1.53,1.53
IEXITYD-X8,3.87,1.55,1.36,1.3,1.24,1.47,1.47
,,,,,,,
INF-X7,6.58,2.64,2.33,2.19,2.04,2.51,2.51
INFXLYITY-X7,5.42,2.17,1.92,1.8,1.68,2.06,2.06
IEXITYD-X7,7.83,3.13,2.77,2.6,2.44,2.98,2.98
,,,,,,,
INFXXG8-X87,5.56,2.22,1.95,1.81,1.66,2.1,2.1
INFXLYITY-X87,8.93,3.57,3.17,2.92,2.68,3.41,3.41
IEXITYD-X87,6.56,2.62,2.33,2.26,2.19,2.5,2.5
,,,,,,,
INFXXG8-XC,0.86,0.34,0.3,0.28,0.26,0.32,0.32
INFXLYITY-XC,1.21,0.48,0.43,0.4,0.37,0.46,0.46
,,,,,,,
INF32-X,4.38,1.76,1.57,1.52,1.47,1.68,1.68
INF32XLYITY-X,5.49,2.2,1.94,1.88,1.81,2.09,2.09
,,,,,,,
INF32-X8,5.8,2.31,2.01,1.95,1.88,2.2,2.2
INF32XLYITY-X8,6.04,2.42,2.13,2.07,2.01,2.29,2.29
,,,,,,,
INF32-X7,4.82,1.92,1.67,1.62,1.58,1.82,1.82
INF32XLYITY-X7,4.22,1.69,1.49,1.45,1.4,1.61,1.61
,,,,,,,
INF32-X87,9.21,3.68,3.27,3.21,3.14,3.51,3.51
INFXXG8-X87,5.56,2.22,1.95,1.81,1.66,2.1,2.1
INFXLYITY-X87,8.93,3.57,3.17,2.92,2.68,3.41,3.41
INF32XLYITY-X87,9.97,3.99,3.52,3.26,2.99,3.79,3.79
,,,,,,,
IEZ32-T,4.43,1.79,1.5,1.44,1.39,1.67,1.67
IEZ32-S,3.44,1.38,1.19,1.14,1.09,1.31,1.31
INF32-VX,6.62,2.64,2.32,2.26,2.2,2.51,2.51
IEZXG,14.98,5.99,5.29,5.29,5.29,5.69,5.69
,,,,,,,
IEZ8487M-KHF,13.19,5.28,4.67,4.39,4.11,5.02,5.02
IEZ8475M-KHF,11.05,4.42,3.91,3.67,3.44,4.2,4.2
IEZ6987M-KHF,22.56,9.02,7.98,7.47,6.97,8.58,8.58
IEZ6975M-KHF,31.45,12.58,11.12,10.42,9.72,11.96,11.96
IEZ3987M-KHF,37.57,15.03,13.28,12.47,11.65,14.28,14.28
IEZ3975M-KHF,31.91,12.76,11.28,10.59,9.9,12.13,12.13
IEZ89987M-KHF,78.12,31.25,27.62,25.94,24.27,29.7,29.7
IEZ89975M-KHF,86.78,34.71,30.68,28.82,26.96,32.99,32.99
IEZ81987M-KHF,119.31,47.73,42.17,40.76,39.36,45.34,45.34
IEZ84975M-KHF,68.21,27.28,24.11,22.63,21.14,25.93,25.93
IEZ75975M-KHF,97.93,39.17,34.61,33.59,32.58,37.22,37.22
IEZ67975M-KHF,108.47,43.39,38.33,36.95,35.56,41.21,41.21
,,,,,,,
IEZ79WEM-KHF,21.4,8.56,7.55,7.24,6.92,8.12,8.12
IEZ59WEM-KHF,24.06,9.63,8.5,8.3,8.11,9.14,9.14
IEZ39WEM-KHF,33.09,13.24,11.7,11.49,11.28,12.58,12.58
,,,,,,,
IEZ6987WFM-KHF,54.11,21.64,19.12,18.14,17.16,20.57,20.57
IEZ6975WFM-KHF,51.61,20.64,18.24,17.31,16.37,19.62,19.62
IEZ4987WFM-KHF,66.97,26.79,23.67,22.45,21.24,25.45,25.45
IEZ4975WFM-KHF,97.99,39.19,34.63,32.85,31.07,37.24,37.24
IEZ2487WFM-KHF,164.52,65.81,58.14,54.85,51.56,62.51,62.51
IEZ2475WFM-KHF,168.91,67.56,59.69,56.31,52.94,64.18,64.18
,,,,,,,
IEZ398732M-KHF,,,,,,,
IEZ397532M-KHF,51.41,20.56,18.17,17.2,16.24,19.54,19.54
IEZ8998732M-KHF,,,,,,,
IEZ8997532M-KHF,83.81,33.52,29.61,27.95,26.28,31.84,31.84
IEZ7998732M-KHF,110.35,44.14,38.99,37.04,35.09,41.93,41.93
IEZ7997532M-KHF,109.09,43.64,38.55,36.62,34.69,41.45,41.45
,,,,,,,
IEZXXG8-IX,111.73,44.69,39.5,36.68,33.86,42.47,42.47
IEZITYD-IX,81.94,32.78,28.97,26.9,24.83,31.15,31.15
,,,,,,,
IEZXXG8-XIGO,73.51,29.4,25.82,24.35,22.89,27.93,27.09
IEZITY-XIGO,55.6,22.24,19.53,18.42,17.31,21.13,20.49
IEZITYD-XIGO,162.46,64.97,56.94,53.84,50.74,61.73,59.79
,,,,,,,
IEZXXG8-DK,104.17,41.66,36.57,34.52,32.48,39.58,38.39
IEZITY-DK,110.33,44.12,38.73,36.56,34.4,41.92,40.66
IEZITYD-DK,150.98,60.41,52.8,49.96,47.12,57.37,55.47
,,,,,,,
IEZ5A5X-IVX,88.47,35.39,30.82,28.72,26.62,33.62,33.62
,,,,,,,
IEZ5A5X-IVN,41.84,16.73,14.54,14.08,13.63,15.9,15.9
,,,,,,,
IEZXXG8-ZNK,49.05,19.61,17.13,16.16,15.19,18.63,17.99
,,,,,,,
IEZITY-ZNK,59.39,23.75,20.74,19.57,18.39,22.56,21.79
IEZITYD-ZNK,69.57,27.83,24.15,22.86,21.58,26.43,25.34
,,,,,,,
VC4,223.84,89.53,78.52,75.25,71.97,85.06,85.06
VC1H,229.91,91.96,83.84,81.63,79.43,87.37,87.37
OG-145-4Z,130.52,52.21,46.23,44.13,42.02,49.59,49.59
,,,,,,,
IEZXXG8-DRUR,52.16,20.85,18.58,17.96,17.34,19.81,19.81
IEZXXG7-DRUR,58.04,23.2,20.67,19.98,19.29,22.04,22.04
IEZITY-DRUR,45.15,18.05,16.08,15.54,15.01,17.14,17.14
IEZITYD-DRUR,55,21.98,19.42,18.82,18.21,20.89,20.89
,,,,,,,
IEZXXG8D49,2.34,0.93,0.81,0.81,0.81,0.89,0.89
IEZITYD49,4.23,1.68,1.47,1.47,1.47,1.6,1.6
IEZITYDD49,4.69,1.87,1.61,1.61,1.61,1.78,1.78
IEYRK8,35.7,14.28,12.67,11.87,11.07,13.55,13.3
IEYRK7,30.09,12.03,10.68,10.01,9.33,11.42,11.21
,,,,,,,
IZZ1693449,51.32,20.53,18.22,17.67,17.11,19.76,19.76
IZZ1593449,46.32,18.53,16.44,15.94,15.44,17.83,17.83
,,,,,,,
IZZXK,46.95,18.78,16.59,15.99,15.4,17.84,17.84
IZZSH84,7.87,3.15,2.78,2.78,2.78,2.99,2.99
IZZH,67.43,26.97,23.83,23.31,22.79,25.62,25.62
,,,,,,,
IVCZ827-76,82.12,32.86,28.79,27.32,25.85,31.22,31.22
IVCZ837-76,22.69,9.07,8.03,7.62,7.22,8.62,8.62
IVCX757-76,87.04,34.81,30.59,28.88,27.17,33.07,32.12
IVCK857-76,68.92,27.58,24.1,22.53,20.96,26.2,26.2
IVCK847-76,54.21,21.69,19.16,18.24,17.31,20.61,20.61
IVCI477-76,122.36,48.96,42.71,40.33,37.95,46.5,44.83
IVCH907-76,46.1,11.19,10,9.69,9.38,10.63,10.63
IVCH787-76,55.99,22.39,19.78,19.17,18.55,21.27,21.27
IVCHD928-76,22.23,8.89,7.84,7.62,7.4,8.45,8.25
IVCI907-76,29.67,7.11,6.39,6.3,6.2,6.76,6.76
IVCI787-76,38.21,15.28,13.5,13.08,12.66,14.51,14.51
IVCH787-X,2.34,0.93,0.83,0.8,0.78,0.89,0.89
,,,,,,,
,,,,,,,
IVCI477-VX,1.57,0.63,0.55,0.55,0.55,0.6,0.6
IVCZ827-VX,1.63,0.65,0.57,0.57,0.57,0.62,0.62
IVCX757-VX,1.09,0.43,0.38,0.38,0.38,0.41,0.41
IVCI907-VX,1.44,0.57,0.5,0.47,0.44,0.55,0.55
IVCI787-VX,1.62,0.65,0.56,0.53,0.5,0.62,0.62
IVCH907-X,1.14,0.46,0.4,0.37,0.35,0.43,0.43
IVCH907-VX,1.88,0.75,0.66,0.62,0.58,0.72,0.72
IVCH787-VX,1.98,0.79,0.69,0.65,0.61,0.75,0.75
,,,,,,,
,,,,,,,
,,,,,,,
IZN59593939-98,154.8,36.37,30.82,29.35,27.87,34.05,32.36
IZN59493939-98,153.49,36.06,30.56,29.1,27.63,33.76,32.09
,,,,,,,
IZN59593939-98V,156.77,62.7,59.86,58.81,57.76,59.57,59.57
IZN59593939-98HGV,434.63,173.85,160.12,154.79,149.46,165.15,168.13
IZN59593939-98HVM,140.18,56.07,53.54,52.6,51.65,53.27,53.27
IZN59593939-98WW,139.79,55.93,53.4,52.46,51.52,53.12,53.12
IZN59593939-98ZW,195.57,83.7,78.39,76.39,74.4,79.52,82.31
IZN59493939-98V,,,,,,,
IZN59493939-98ZW,206.43,82.57,77.33,75.36,73.39,78.44,81.2
,,,,,,,
I3939HNPUY-98,62.39,24.95,21.65,20.81,19.97,23.71,22.72
IZNIX,21.74,8.68,7.24,6.52,5.8,8.26,7.59
IZNHHG,6.46,2.57,2.09,1.87,1.65,2.44,2.18
IKOYIP-98,33.29,13.3,11.63,10.8,9.97,12.65,12.65
IZNHFH-5D,17.65,7.05,6.05,5.54,5.04,6.71,6.35
IZN59WWEI,59.97,23.99,23.99,23.99,23.99,23.99,23.99
SVW3954/W7,103.52,41.4,36.79,36.79,36.79,39.33,39.33
PO64X-KE,63.04,25.22,22.28,20.94,19.6,23.96,23.96
I6VNKP5-KHF,105.38,42.14,33.95,31.62,29.28,40.05,35.65
,,,,,,,
IWOC5939-98,42.78,17.11,15.11,15.11,15.11,16.24,16.24
IWOC4939-98,47.76,19.1,16.87,16.87,16.87,18.14,18.14
IUOC5939V-98,,,,,,,
,,,,,,,
IWO3939HU-98,34.1,13.63,12.09,11.55,11.01,12.95,12.95
IWOHFH-5D,17.2,6.88,6.06,5.48,4.9,6.53,6.53
IWOHHG,5.11,2.03,1.66,1.48,1.31,1.95,1.95
SVW3954/W7,103.52,41.4,36.79,36.79,36.79,39.33,39.33
I6VNKP5-KHF,105.38,42.14,33.95,31.62,29.28,40.05,35.65
IWOVHFH-7D,,,,,,,
IWOVHFH-6D,,,,,,,
IWOV3939HU-98,,,,,,,
IWOV687HU-98,,,,,,,
IWOV387HU-98,,,,,,,
,,,,,,,
,,,,,,,
IWOC5939FTI-98,49.23,19.69,17.39,17.39,17.39,18.7,18.7
IWOC4939FTI-98,54.17,21.67,19.14,19.14,19.14,20.58,20.58
IWOC5939FTIV-98,106.56,42.63,37.66,37.46,37.26,40.49,40.49
,,,,,,,
IWO3939HU-98,34.1,13.63,12.09,11.55,11.01,12.95,12.95
IWOHFH-5D,17.2,6.88,6.06,5.48,4.9,6.53,6.53
IWOHHG,5.11,2.03,1.66,1.48,1.31,1.95,1.95
SVW3954/W7,103.52,41.4,36.79,36.79,36.79,39.33,39.33
I6VNKP5-KHF,105.38,42.14,33.95,31.62,29.28,40.05,35.65
,,,,,,,
IWOC39-98,41.41,16.57,14.64,14.64,14.64,15.75,15.75
,,,,,,,
,,,,,,,
,,,,,,,
IWO3939HU-98,34.1,13.63,12.09,11.55,11.01,12.95,12.95
IWOHFH-5D,17.2,6.88,6.06,5.48,4.9,6.53,6.53
IWOHHG,5.11,2.03,1.66,1.48,1.31,1.95,1.95
SVW3954/W7,103.52,41.4,36.79,36.79,36.79,39.33,39.33
I6VNKP5-KHF,105.38,42.14,33.95,31.62,29.28,40.05,35.65
,,,,,,,
IWOC39FTI-98,53.76,21.5,19,19,19,20.42,20.42
IWOC687FTI-98,104.27,41.7,36.85,36.85,36.85,39.62,39.62
IWOC387FTI-98,168.26,67.3,59.46,59.46,59.46,63.93,63.93
,,,,,,,
,,,,,,,
IWO3939HU-98,34.1,13.63,12.09,11.55,11.01,12.95,12.95
IWOHFH-5D,17.2,6.88,6.06,5.48,4.9,6.53,6.53
IWOHHG,5.11,2.03,1.66,1.48,1.31,1.95,1.95
SVW3954/W7,103.52,41.4,36.79,36.79,36.79,39.33,39.33
I6VNKP5-KHF,105.38,42.14,33.95,31.62,29.28,40.05,35.65
,,,,,,,
IWOKC5939FTI-98,89.7,35.88,31.69,31.69,31.69,34.08,34.08
IWOKC4939FTI-98,82.69,33.08,29.22,29.22,29.22,31.42,31.42
,,,,,,,
,,,,,,,
IWO3939HU-98,34.1,13.63,12.09,11.55,11.01,12.95,12.95
IWOHFH-5D,17.2,6.88,6.06,5.48,4.9,6.53,6.53
IWOHHG,5.11,2.03,1.66,1.48,1.31,1.95,1.95
SVW3954/W7,103.52,41.4,36.79,36.79,36.79,39.33,39.33
I6VNKP5-KHF,105.38,42.14,33.95,31.62,29.28,40.05,35.65
,,,,,,,
IWO5959393934-98,82.23,32.89,29.49,28.9,28.31,31.26,31.26
,,,,,,,
IWO5959393934-98HVM,100.14,40.05,36.41,36.41,36.41,38.05,38.05
,,,,,,,
IWO3939HU-98,34.1,13.63,12.09,11.55,11.01,12.95,12.95
IWOHFH-5D,17.2,6.88,6.06,5.48,4.9,6.53,6.53
IWOHHG,5.11,2.03,1.66,1.48,1.31,1.95,1.95
SVW3954/W7,103.52,41.4,36.79,36.79,36.79,39.33,39.33
I6VNKP5-KHF,105.38,42.14,33.95,31.62,29.28,40.05,35.65
,,,,,,,
IHK69593939FTI-98,87.61,35.04,31.14,31.14,31.14,33.29,33.29
,,,,,,,
,,,,,,,
SVW3954/W7,103.52,41.4,36.79,36.79,36.79,39.33,39.33
I6VNKP5-KHF,105.38,42.14,33.95,31.62,29.28,40.05,35.65
I3939HNPUY-98,62.39,24.95,21.65,20.81,19.97,23.71,22.72
IZNIX,21.74,8.68,7.24,6.52,5.8,8.26,7.59
IZNHHG,6.46,2.57,2.09,1.87,1.65,2.44,2.18
IZNHFH-5D,17.65,7.05,6.05,5.54,5.04,6.71,6.35
IKOYIP-98,33.29,13.3,11.63,10.8,9.97,12.65,12.65
,,,,,,,
IHO71593939-98,167.41,66.96,59.09,56.62,54.16,63.61,62.04
,,,,,,,
,,,,,,,
SVW3954/W7,103.52,41.4,36.79,36.79,36.79,39.33,39.33
I6VNKP5-KHF,105.38,42.14,33.95,31.62,29.28,40.05,35.65
,,,,,,,
IHYVC93-98,41.5,16.6,16.6,16.6,16.6,17.75,17.75
IHYVC87-98,32.43,12.97,12.97,12.97,12.97,13.73,13.73
IHYVC84-98,,,,,,,
IHYVC84V-98,,,,,,,
IHYVC81-98,,,,,,,
,,,,,,,
,,,,,,,
ISVND-95,22.41,8.96,7.92,7.92,7.92,8.51,8.51
I6VN7K-95,68.7,27.48,24.29,24.29,24.29,26.12,26.12
IZVHFH-7D,8.27,3.3,2.98,2.69,2.39,3.13,3.15
,,,,,,,
IHY895993-98,40.21,16.08,14.21,13.67,13.12,15.27,15.27
IHY795993-98,41.72,16.69,14.74,14.74,14.74,15.85,15.85
IHY795987-98,39.52,15.81,13.97,13.97,13.97,15.02,15.02
IHY595987-98,38.27,15.31,13.53,13.53,13.53,14.54,14.54
IHY705984-98,36.81,14.72,13.01,13.01,13.01,13.99,13.99
IHY705984V-98,166.49,66.59,58.84,58.84,58.84,63.26,63.26
IHY415984-98,63.35,25.34,22.38,22.38,22.38,24.07,24.07
IHY605981-98,95.19,38.08,33.64,32.35,31.05,36.18,36.18
IHY235981-98,86.97,34.79,30.73,29.71,28.68,33.05,33.05
,,,,,,,
,,,,,,,
IZVHFH-7D,8.27,3.3,2.98,2.69,2.39,3.13,3.15
IOVNKPWG-KHF,99.35,39.74,35.11,35.11,35.11,37.76,37.76
IOND,24.27,9.71,8.58,8.36,8.15,9.22,9.22
,,,,,,,
IHYC987-98,50.29,20.11,17.77,17.77,17.77,19.11,19.11
IHYC984-98,54.04,21.62,19.1,19.1,19.1,20.54,20.54
IHYC984V-98,133.61,53.45,47.23,47.23,47.23,50.78,50.78
IHYC981-98,82.83,33.13,29.27,29.27,29.27,31.47,31.47
,,,,,,,
,,,,,,,
IZVHFH-7D,8.27,3.3,2.98,2.69,2.39,3.13,3.15
IOVNKPWG-KHF,99.35,39.74,35.11,35.11,35.11,37.76,37.76
IOND,24.27,9.71,8.58,8.36,8.15,9.22,9.22
,,,,,,,
IXZ515984-98,93.58,37.42,34.46,33.47,32.49,35.55,36.19
IXZ515984V-98,159.69,63.87,59.87,58.87,57.88,60.68,62.86
IXZ195984-98,185.78,74.33,67.57,66.21,64.85,70.6,70.95
IXZ195984V-98,191.69,76.68,71.9,70.93,69.97,72.85,75.49
IXZ395981-98,119.94,47.95,44.96,43.96,42.97,45.57,47.21
IXZ035981-98,195.36,78.12,74.01,74.01,74.01,74.23,77.73
,,,,,,,
IXZ515984-98ZW,178.27,71.3,68.07,66.88,65.69,67.74,67.74
IXZ515984-98WW,301.74,129.14,120,117.14,114.28,122.68,126
IXZ515984-98WWV,390.64,167.19,157.97,153.93,149.9,158.83,165.86
IXZ515984-98HVM,228.42,91.37,87.21,85.7,84.18,86.81,86.81
IXZ515984-98HVMV,286.71,110.24,105.25,103.41,101.57,108.91,104.74
IXZ515984-98HGV,370.66,158.64,150.47,146.38,142.29,156.75,157.98
IXZ195984-98ZW,357.86,153.16,141.63,137.03,132.43,145.5,148.72
IXZ195984-98ZWV,,,,,,,
IXZ195984-98WW,497.59,212.96,196.93,190.54,184.14,202.31,206.79
IXZ195984-98WWV,,,,,,,
IXZ195984-98V,281.35,108.21,103.29,101.48,99.68,106.9,102.79
IXZ195984-98KRI,211.72,84.7,80.86,79.44,78.02,80.46,80.46
IXZ195984-98KRIV,242.02,96.82,92.43,90.81,89.2,91.97,91.97
IXZ195984-98HVM,188.96,75.58,72.15,70.88,69.62,71.8,71.8
IXZ195984-98HVMV,229.28,91.7,87.55,86.02,84.49,87.12,87.12
IXZ395981-98V,298.53,119.4,113.97,111.98,109.98,113.43,113.43
IXZ035981-98WW,,,,,,,
IXZ035981-98WWV,,,,,,,
IXZ035981-98V,311.81,124.71,119.06,116.97,114.89,118.49,118.49
IXZ035981-98HVM,185.21,79.26,74.49,72.1,69.71,75.31,78.21
IXZ035981-98HVMV,258.81,110.77,105.86,103.41,100.96,105.23,111.16
,,,,,,,
IVICXXG693-98,24.59,9.82,8.69,8.69,8.69,9.34,9.34
IVICXXG687-98,31.55,12.62,11.15,11.15,11.15,11.99,11.99
IVICXXG684-98,51,20.4,18.03,18.03,18.03,19.38,19.38
,,,,,,,
IHXC5987-98,114.95,45.98,40.62,40.62,40.62,43.67,43.67
IHXC5984-98,153.43,61.37,54.22,54.22,54.22,58.29,58.29
,,,,,,,
,,,,,,,
IHXCHFH,25.05,10.02,8.85,8.85,8.85,9.52,9.52
,,,,,,,
IVE59596987G-98,307.23,122.89,108.49,106.73,104.96,116.75,116.75
,,,,,,,
,,,,,,,
ISI7459FTI-89,418,167.2,147.67,141.46,135.26,158.83,158.83
ISI7459FTIWW-89,416.32,166.54,147.97,145.64,143.31,158.2,158.2
,,,,,,,
,,,,,,,
ISI7459-FK,49.36,19.75,17.72,16.67,15.63,18.76,18.76
ISIXGY-89,,,,,,,
ISIXGY-98,,,,,,,
ISIH84,31.15,12.47,10.3,9.27,8.24,11.85,11.85
ISIHWW84,30.58,12.24,10.11,9.1,8.09,11.63,11.63
ISIHFH,21.64,8.65,6.92,6.06,5.19,8.22,8.22
ISIOY7,38.99,15.59,12.88,11.6,10.31,14.82,14.82
,,,,,,,
ISI59XXG6-89,326.93,130.76,115.59,110.73,105.87,124.23,124.23
ISI59XXG6-98,249.8,99.92,88.28,84.57,80.85,94.93,94.93
ISI59XXG6WW-89,436.35,174.53,157.25,152.43,147.62,165.8,165.8
,,,,,,,
,,,,,,,
ISI59XXG6-FK,50.24,20.1,18.09,17.08,16.08,19.09,19.09
ISIXGY-89,,,,,,,
ISIXGY-98,,,,,,,
ISIH84,31.15,12.47,10.3,9.27,8.24,11.85,11.85
ISIHWW84,30.58,12.24,10.11,9.1,8.09,11.63,11.63
ISIHFH,21.64,8.65,6.92,6.06,5.19,8.22,8.22
ISIOY7,38.99,15.59,12.88,11.6,10.31,14.82,14.82
,,,,,,,
,,,,,,,
,,,,,,,
IFOC-98,26.18,10.47,9.38,9.38,9.38,9.94,9.94
,,,,,,,
IFOC-X,31.12,12.45,11,11,11,11.82,11.82
IFOGIRN-96,2.89,1.15,1.04,1.04,1.04,1.1,1.1
IFOGIRN-89,3.09,1.23,1.12,1.12,1.12,1.17,1.17
IFOGIRN-86,2.88,1.14,1.04,1.04,1.04,1.09,1.09
IFOHGIRN-85,4.52,1.81,1.59,1.59,1.59,1.71,1.71
IFO864GIRN-98,16.49,6.6,5.83,5.56,5.3,6.27,6.27
,,,,,,,
IFOG93C5-98,36.97,14.78,13.04,13.04,13.04,14.04,14.04
,,,,,,,
IFOGGIRN-86,6.02,2.42,2.12,2.12,2.12,2.29,2.29
IFOGGIRN-96,6.46,2.59,2.28,2.28,2.28,2.46,2.46
IFOGGIRN-89,5.54,2.22,1.95,1.95,1.95,2.11,2.11
,,,,,,,
IFOZ95-98,34.71,13.88,12.26,11.7,11.14,13.18,13.18
,,,,,,,
IFOC-X,31.12,12.45,11,11,11,11.82,11.82
IFOZGIRN-98,4.78,1.91,1.69,1.59,1.48,1.82,1.82
IFOZGIRN-95,4.83,1.93,1.71,1.6,1.5,1.84,1.84
IFOZGIRN-86,7.55,3.02,2.68,2.54,2.41,2.88,2.88
,,,,,,,
IFOUC-98,18.17,7.27,6.42,6.42,6.42,6.91,6.91
IFOUCNK-98,101.85,40.74,36,36,36,38.71,38.71
,,,,,,,
IFOC-X,31.12,12.45,11,11,11,11.82,11.82
IFOUCGIRN-95,2.88,1.15,1.02,1.02,1.02,1.09,1.09
IFOUCGIRN-86,4.41,1.77,1.55,1.55,1.55,1.67,1.67
,,,,,,,
IFOUZ-98,27.21,10.89,9.62,9.14,8.65,10.34,10.34
,,,,,,,
IFOC-X,31.12,12.45,11,11,11,11.82,11.82
,,,,,,,
IGVC-98,18.28,7.31,6.46,6.46,6.46,6.95,6.95
IGVCNK-98,89.29,35.72,31.56,31.56,31.56,33.94,33.94
,,,,,,,
IGVCGIRN-96,1.97,0.79,0.7,0.7,0.7,0.75,0.75
IGVCGIRN-95,1.99,0.8,0.7,0.7,0.7,0.75,0.75
IGVCGIRN-86,2.11,0.84,0.75,0.75,0.75,0.8,0.8
,,,,,,,
IGVGC-98,23.36,9.35,8.26,7.84,7.43,8.88,8.88
,,,,,,,
IGVCGIRN-96,1.97,0.79,0.7,0.7,0.7,0.75,0.75
IGVCGIRN-95,1.99,0.8,0.7,0.7,0.7,0.75,0.75
IGVCGIRN-86,2.11,0.84,0.75,0.75,0.75,0.8,0.8
,,,,,,,
IGH92C9-98,19.41,7.76,6.83,6.83,6.83,7.38,7.38
,,,,,,,
IGHGIRN-96,4.59,1.84,1.6,1.6,1.6,1.74,1.74
IGHGIRN-89,2.74,1.1,0.95,0.95,0.95,1.04,1.04
IGHGIRN-86,4.25,1.71,1.48,1.48,1.48,1.61,1.61
,,,,,,,
IGH92C97K-98,14.22,5.69,5.02,5.02,5.02,5.4,5.4
,,,,,,,
IGHGIRN-96,4.59,1.84,1.6,1.6,1.6,1.74,1.74
IGHGIRN-89,2.74,1.1,0.95,0.95,0.95,1.04,1.04
IGHGIRN-86,4.25,1.71,1.48,1.48,1.48,1.61,1.61
,,,,,,,
IIZ916939-98,36.32,14.54,11.57,11.57,11.57,13.81,12.16
IIZ915939-98,36.3,14.53,11.56,11.56,11.56,13.8,12.15
,,,,,,,
IIZGIRN-96,4.65,1.57,1.57,1.57,1.57,1.75,1.66
IIZGIRN-86,4.5,1.54,1.54,1.54,1.54,1.7,1.63
,,,,,,,
IXKU89,9.54,3.82,2.55,2.55,2.55,2.55,2.55
,,,,,,,
IXKURT,0.8,0.32,0.28,0.27,0.26,0.3,0.3
IXKUY79H-98,4.13,1.65,1.2,1.2,1.2,1.2,1.2
IXKUY79H-96,3.47,1.39,0.84,0.84,0.84,0.84,0.84
IXKUY79H-89,5.05,2.02,1.47,1.47,1.47,1.47,1.47
IXKUY79H-86,6.03,2.41,1.46,1.46,1.46,1.46,1.46
IXKUY34H-98,4.39,1.75,1.61,1.61,1.61,1.61,1.61
IXKUY34H-96,6.52,2.61,1.9,1.9,1.9,1.9,1.9
IXKUY34H-86,6.35,2.54,1.85,1.85,1.85,1.85,1.85
IXKUY79W-98,5.26,2.09,1.46,1.46,1.46,1.46,1.46
IXKUY79W-96,6.43,2.57,1.42,1.42,1.42,1.42,1.42
IXKUY79W-86,7.53,3.01,1.66,1.66,1.66,1.66,1.66
,,,,,,,
IHU798-98,13.7,5.49,4.71,4.49,4.27,5.2,4.95
IHU798-96,10.17,4.07,3.51,3.37,3.22,3.86,3.7
IHU798-86,12.78,5.11,4.42,4.23,4.05,4.86,4.66
,,,,,,,
IHU791-98,17.3,6.93,5.88,5.63,5.38,6.58,6.18
IHU791-96,16.15,6.46,5.54,5.32,5.1,6.13,5.83
IHU791-86,15.88,6.35,5.45,5.23,5.01,6.03,5.73
,,,,,,,
IHU79834-98,20.34,8.14,6.89,6.58,6.26,7.74,7.24
IHU79834-96,17.34,6.93,5.95,5.7,5.46,6.58,6.26
IHU79834-86,24.12,9.63,8.28,7.94,7.59,9.15,8.71
,,,,,,,
IMZ3XXG6-98,17.06,6.82,5.98,5.98,5.98,6.49,6.49
IMZ3XXG6-95,15.26,6.11,5.39,5.24,5.09,5.79,5.79
IMZ1XXG6-98,13.41,5.36,4.73,4.54,4.34,5.09,5.09
IMZ1XXG6-95,20.91,8.36,7.38,7.07,6.77,7.93,7.93
IMZ87XXG6-98,,,,,,,
IMZ81XXG6-98,,,,,,,
IMZ75XXG6-98,39.67,15.87,14.02,13.59,13.17,15.07,15.07
,,,,,,,
IMZ3GIRN-89,3.03,1.21,1.07,1.01,0.94,1.15,1.15
IMZ87GIRN-86,,,,,,,
IMZ81GIRN-86,,,,,,,
IMZ75GIRN-86,,,,,,,
,,,,,,,
IX2D276-98,51.18,20.49,17.36,16.56,15.77,19.45,18.2
,,,,,,,
IX2GIRNC-95,12.47,5,3.73,3.11,2.48,4.74,3.93
IX27GIRN-98,14.43,5.78,4.31,3.59,2.87,5.49,4.55
IX27GIRN-86,12.16,4.87,3.9,3.41,2.91,4.63,4.09
IX2HJGIRN-98,7.34,2.92,2.45,2.37,2.29,2.78,2.58
IX2HJGIRN-86,5.83,2.31,1.97,1.91,1.85,2.21,2.07
,,,,,,,
ITV3XXG5-89,34.22,13.7,12.05,10.85,9.64,13.01,13.01
ITV3XXG5-88,51.95,20.79,18.3,16.47,14.63,19.75,19.75
ITV3XXG5-84,38.36,15.35,13.51,12.16,10.8,14.58,14.58
,,,,,,,
IWI3W7D-88,48.32,19.34,17.02,16.33,15.65,18.37,18.37
,,,,,,,
IWIGIRN-89,5.44,2.17,1.96,1.88,1.81,2.06,2.06
IWIGIRN-86,4.99,2,1.79,1.73,1.66,1.89,1.89
,,,,,,,
IX1XXG6-98,45.29,18.13,16.18,15.22,14.25,17.21,17.01
,,,,,,,
IX1XXG6-98V,255.56,109.38,106.55,105.12,103.7,108.07,111.87
,,,,,,,
IWV3K969W-98,15.18,6.07,5.2,4.98,4.77,5.77,5.45
IWV3K959W-98,19,7.59,6.5,6.23,5.97,7.22,6.82
,,,,,,,
IWVGIRN-86,3.26,1.31,1.08,0.97,0.85,1.25,1.13
IWVGIRN-84,,,,,,,
,,,,,,,
INI8175C9-98,86.72,34.69,30.68,29.54,28.4,32.95,32.95
INI6959C9-98,155.87,62.2,54.64,51.68,48.73,59.08,59.08
,,,,,,,
,,,,,,,
INK719GIRN-98,18.95,7.58,6.17,5.65,5.13,7.19,7.19
INKHNP-98,40.32,16.13,14.21,13.55,12.9,15.32,14.9
SVW3954/W7,103.52,41.4,36.79,36.79,36.79,39.33,39.33
I6VNKP5-KHF,105.38,42.14,33.95,31.62,29.28,40.05,35.65
,,,,,,,
IHW3XXG6N-98,24.87,9.95,8.78,8.52,8.25,9.46,9.46
IHW87XXG6N-98,51.08,20.39,17.87,17.05,16.24,19.41,19.41
IHW81XXG6N-98,57.88,23.14,20.35,19.68,19.01,21.99,21.99
IHW75XXG6N-98,67.36,26.95,23.81,22.62,21.43,25.59,25.59
,,,,,,,
,,,,,,,
IHW3GIRN-95,3.98,1.58,1.4,1.35,1.3,1.51,1.51
IHW3GIRN-86,6.99,2.78,2.46,2.37,2.29,2.65,2.65
IHW87GIRN-95,8.52,3.42,3.02,2.9,2.78,3.24,3.24
IHW87GIRN-86,8.65,3.45,3.04,2.93,2.81,3.28,3.28
IHW81GIRN-95,9.21,3.68,3.27,3.12,2.97,3.5,3.5
IHW81GIRN-86,10.5,4.18,3.66,3.56,3.47,3.99,3.99
IHW75GIRN-95,14.58,5.84,5.19,4.98,4.78,5.55,5.55
IHW75GIRN-86,11.81,4.72,4.16,3.98,3.8,4.48,4.48
,,,,,,,
IEI8959-98,37.22,14.89,13.26,12.38,11.5,14.14,14.14
IEI8159-98,64.35,25.74,22.64,21.73,20.83,24.45,24.45
IEI7559-98,80.6,32.25,28.67,27.67,26.68,30.63,30.63
,,,,,,,
,,,,,,,
IEI734GIRN-98,18.98,7.59,6.51,5.96,5.42,7.2,7.2
INKHNP-98,40.32,16.13,14.21,13.55,12.9,15.32,14.9
SVW3989/W7,81.38,32.56,30.28,30.28,30.28,30.93,30.93
SVW3954/W7,103.52,41.4,36.79,36.79,36.79,39.33,39.33
I6VNKP5-KHF,105.38,42.14,33.95,31.62,29.28,40.05,35.65
,,,,,,,
I879OVWX69M-98,20.46,8.19,7.22,7.22,7.22,7.76,7.76
I879OVWX59M-98,24.96,10,8.81,8.81,8.81,9.48,9.48
I849OVWX69M-98,29.77,11.9,10.64,10.64,10.64,11.31,11.31
I849OVWX59M-98,26.28,10.5,9.39,9.39,9.39,9.98,9.98
I829OVWX59M-98,32.92,13.15,11.32,11.32,11.32,12.51,12.51
I774OVWX69M-98,45.45,18.18,15.76,15.76,15.76,17.27,17.27
I774OVWX59M-98,29.95,11.98,10.39,10.39,10.39,11.38,11.38
I699OVWX59M-98,74.68,29.86,26.2,26.2,26.2,28.36,28.36
,,,,,,,
I849OVWX59M-98ZW,134.7,53.89,51.45,50.55,49.64,51.19,51.19
I849OVWX59M-98V,170.04,68.01,64.93,63.79,62.65,64.61,64.61
I774OVWX59M-98V,126.75,50.71,48.4,47.55,46.7,48.17,48.17
,,,,,,,
I75WRN-KHF,49.07,19.64,17.61,17.61,17.61,18.65,18.65
I6VNKP5-KHF,105.38,42.14,33.95,31.62,29.28,40.05,35.65
SVW3954/W7,103.52,41.4,36.79,36.79,36.79,39.33,39.33
IOZ749WGT-98,55.21,22.09,20.61,19.88,19.14,20.98,20.98
,,,,,,,
ITZ8959-98,56.41,22.54,19.95,19.21,18.48,21.42,21.42
ITZ8459-98,63.79,25.52,22.48,21.78,21.09,24.24,24.24
ITZ7959-98,55.7,22.27,19.93,18.75,17.57,21.16,20.91
ITZ7159-98,80.04,32.02,28.01,26.01,24.01,30.41,29.41
,,,,,,,
ITZ7959-98V,141.36,56.55,53.98,53.04,52.09,53.71,53.71
ITZ7159-98V,228,91.2,87.07,85.55,84.03,86.63,86.63
,,,,,,,
SVW3954/W7,103.52,41.4,36.79,36.79,36.79,39.33,39.33
I6VNKP5-KHF,105.38,42.14,33.95,31.62,29.28,40.05,35.65
,,,,,,,
I798HXM-98,10.11,4.03,3.56,3.31,3.06,3.84,3.75
I798HXM-96,13.48,5.38,5.11,4.7,4.29,5.12,5.37
I798HXM-86,10.48,4.18,3.97,3.65,3.33,3.98,4.17
I791HXM-98,14.2,5.67,5.07,4.87,4.67,5.39,5.39
I791HXM-96,12.75,5.08,4.54,4.11,3.69,4.84,4.79
I791HXM-86,9.71,3.87,3.45,3.28,3.1,3.69,3.64
,,,,,,,
,,,,,,,
,,,,,,,
IC899-98,28.97,11.6,10.24,9.88,9.51,11.01,11.01
IC899V-98,78.8,31.52,27.84,25.29,22.74,29.93,29.93
IC899H-98,80.15,32.06,28.32,26.29,24.27,30.45,30.45
IC899VH-98,127.67,51.07,45.11,41.1,37.09,48.51,48.51
,,,,,,,
ICNDH-98,48.72,19.49,17.22,15.35,13.48,18.52,18.52
ICVNKP-KHF,69.19,27.67,24.45,21.21,17.97,26.29,26.29
ICXIH-98,46.33,18.53,16.38,14.6,12.82,17.61,17.61
IC899G-96,17.23,6.89,6.1,5.82,5.54,6.55,6.55
IC899G-95,5.46,2.18,1.94,1.94,1.94,2.08,2.08
IC899TIG-98,8.08,3.23,2.87,2.87,2.87,3.08,3.08
IC899TIG-95,7.01,2.81,2.49,2.49,2.49,2.68,2.68
IC899TIG-75,6.36,2.54,2.25,2.25,2.25,2.43,2.43
IC899VBG-98,5.14,2.05,1.82,1.82,1.82,1.96,1.96
IC899VBG-95,5.38,2.15,1.91,1.91,1.91,2.05,2.05
IC899VBG-75,6.32,2.53,2.24,2.24,2.24,2.41,2.41
,,,,,,,
I924OVW-98,72.06,28.82,23.33,21.96,20.59,25.94,24.49
I924OVWH-98,120.07,48.02,39.47,38.41,37.34,43.22,41.45
I924OVWV-98,145,57.79,48.16,46.79,45.42,52.16,50.59
,,,,,,,
I837GIRN-96,15.67,6.27,5.47,5.22,4.98,5.95,5.74
,,,,,,,
I899OVW-98,110.52,33.09,27.33,25.89,24.44,29.49,28.7
I899OVWH-98,193.12,49.06,43.77,42.44,41.11,46.61,46.61
I899OVWV-98,145.97,48.7,40.94,39.84,38.73,44.16,43
I899OVWVH-98,198.1,41.97,38.68,37.85,37.03,39.88,39.88
,,,,,,,
I717GIRN-96,14.66,5.89,5.89,5.89,5.89,5.58,6.17
,,,,,,,
I849OVW-98,144.41,39.45,33.62,32.16,30.69,36.4,35.29
I849OVWH-98,108.54,41.14,37.11,36.11,35.11,39.07,39.07
I849OVWV-98,121.39,40.53,33.92,33.1,32.27,36.4,35.62
I849OVWVH-98,162.59,61.62,53.78,52.81,51.84,58.53,58.53
,,,,,,,
I717GIRN-96,14.66,5.89,5.89,5.89,5.89,5.58,6.17
,,,,,,,
I899OVWXXG6-98,68.42,25.9,21.76,20.73,19.69,24.61,22.85
I849OVWXXG6-98,89.47,33.9,29.22,28.06,26.89,32.2,30.7
,,,,,,,
I717GIRN-96,14.66,5.89,5.89,5.89,5.89,5.58,6.17
,,,,,,,
IH899OVWXXG6-98,46.33,17.51,15.5,15.05,14.59,16.65,16.65
IH899OVWXXG6H-98,97.45,36.94,32.46,31.94,31.42,35.08,35.08
IH899OVWXXG6V-98,131.73,49.91,44.25,43.62,42.99,47.42,47.42
IH899OVWXXG6VH-98,159.58,60.46,53.3,52.7,52.11,57.44,57.44
,,,,,,,
I899OVWIVG,95.32,29.5,23.59,22.12,20.65,25.81,24.77
I899OVWIVGV,154.52,51.47,42.69,41.43,40.17,46.33,44.82
,,,,,,,
IOG5XXG6-98,178.73,71.49,63.47,60.68,57.9,67.92,67.92
,,,,,,,
I83VNKP-KHF,76.81,30.72,26.85,25.68,24.51,29.18,29.18
INX969HO,40.01,15.16,13.44,12.96,12.48,14.4,14.4
,,,,,,,
IIY85XXG6-98,67.58,27.03,23.89,22.69,21.5,25.69,25.69
IIY85XXG6H-98,93.44,37.37,33.07,32.09,31.12,35.5,35.5
IIY85XXG6V-98,155.25,62.11,54.79,53.39,51.98,59,59
,,,,,,,
IIYHXIVD,5.32,2.13,1.84,1.65,1.46,2.03,2.03
IIYGIRNVB-98,19.46,7.81,6.92,6.42,5.92,7.39,7.39
IIYGIRNVB-95,22.54,9.02,7.95,7.46,6.97,8.55,8.55
IIYGIRNVB-75,17.63,7.05,6.22,5.83,5.45,6.69,6.69
IIYGIRNK-98,12.72,5.08,4.4,3.95,3.51,4.83,4.83
IIYGIRNK-95,17.68,7.05,6.19,5.68,5.16,6.72,6.72
IIYGIRNK-75,17.41,6.94,6.1,5.59,5.08,6.61,6.61
,,,,,,,
ISPN98959-98,146.36,58.54,49.68,47.9,46.12,55.62,52.15
ISPN98959V-98,197.75,79.11,69.72,68.38,67.05,75.15,73.21
ISPN98459-98,97.83,39.14,33.99,32.44,30.9,37.17,37.17
ISPN98459V-98,206.44,82.57,72.4,70.51,68.61,78.44,76.02
,,,,,,,
ISPNXW-95,22.89,9.15,7.63,6.87,6.11,8.7,8.01
ISPNXW-75,20.62,8.24,6.87,6.19,5.5,7.84,7.21
ISPNXLOO-98,32.74,13.11,13.11,13.11,13.11,12.44,13.76
ISPNVB-75,21.99,8.79,7.33,6.6,5.87,8.36,7.69
ISPNGIRN-95,13.46,5.38,4.48,4.04,3.59,5.12,4.71
ISPNGIRN-75,17.97,7.21,6,5.4,4.8,6.84,6.3
,,,,,,,
ISPOWK59-98,130.82,52.32,46.62,44.72,42.81,49.71,48.96
,,,,,,,
IVVH2K959-98,78.9,31.54,25.81,24.37,22.94,29.97,27.11
IVVN98959-98,101.45,40.61,34.99,33.59,32.19,38.56,36.75
,,,,,,,
IVVHGIRN-96,22.48,9.01,7.51,6.76,6.01,8.55,7.88
IVVHGIRN-86,30.27,12.11,10.76,10.09,9.42,11.51,11.3
IVVOGIRN-86,42.83,17.12,14.86,14.28,13.7,16.27,15.59
IVVNGIRN-86,50.44,20.16,16.83,15.98,15.13,19.17,17.67
,,,,,,,
IVVN98459-98,107.16,42.88,36.74,34.9,33.06,40.73,38.6
IVVN98459V-98,190.15,76.08,66.27,64.43,62.59,72.27,69.58
,,,,,,,
IVVNGIRN-86,50.44,20.16,16.83,15.98,15.13,19.17,17.67
,,,,,,,
IVVO97559-98,143.44,57.36,49.64,47.99,46.34,54.51,52.13
IVVO97559V-98,214.87,85.96,75.07,73.44,71.82,81.65,78.82
,,,,,,,
IVVOGIRN-96,34.76,13.9,12.36,11.59,10.81,13.21,12.98
IVVOGIRN-86,42.83,17.12,14.86,14.28,13.7,16.27,15.59
,,,,,,,
IKL89XXG6-98,53.9,21.56,19.11,19.11,19.11,20.47,20.47
IKL89XXG6H-98,107.49,43.01,38,38,38,40.85,40.85
IKL89XXG6V-98,87.63,35.05,30.89,30.89,30.89,33.3,33.3
IKL89XXG6VH-98,155.02,62.02,54.76,54.76,54.76,58.93,58.93
IKL81XXG6-98,67.28,26.9,23.69,22.75,21.82,25.56,25.56
IKL81XXG6H-98,117.21,46.88,41.19,40.08,38.96,44.53,44.53
IKL81XXG6V-98,132.66,53.06,46.82,45.61,44.41,50.42,50.42
IKL81XXG6VH-98,192.64,77.04,67.83,66.35,64.86,73.19,73.19
,,,,,,,
IKLCXXG6-98,42.92,17.17,15.15,15.15,15.15,16.29,16.29
IKLCXXG6H-98,77.6,31.04,27.42,27.42,27.42,29.49,29.49
IKLCXXG6V-98,,,,,,,
IKLCXXG6VH-98,110.3,44.12,38.98,38.98,38.98,41.92,41.92
,,,,,,,
IIL8159-95,202.94,81.18,71.68,67.14,62.6,77.12,77.12
,,,,,,,
I83VNKP-KHF,76.81,30.72,26.85,25.68,24.51,29.18,29.18
IILVB-95,60.14,24.04,21.18,19.86,18.54,22.84,22.84
IILHXIVD,6.33,2.53,2.24,1.96,1.68,2.41,2.41
,,,,,,,
IX899OVWM-98,99.56,29.85,26.38,24.98,23.58,28.33,27.7
IX899OVWMV-98,132.79,53.09,46.76,45.51,44.25,50.44,49.1
,,,,,,,
IX899OVWHJ-98,80.54,32.23,28.48,26.97,25.47,30.59,30.59
,,,,,,,
I75DOVW59VF-98,181.61,72.64,63.98,60.52,57.06,69.02,67.17
,,,,,,,
,,,,,,,
,,,,,,,
ISV83C7UG-75,42.49,16.99,15.01,15.01,15.01,16.14,16.14
ISV67C5UG-75,61.81,24.72,21.84,21.84,21.84,23.48,23.48
ISV79C4UG-75,42.32,16.93,14.96,14.96,14.96,16.08,16.08
ISV49C4UG-75,53.85,21.54,19.03,19.03,19.03,20.46,20.46
ISV49C4UGV-75,113.44,45.38,40.1,40.1,40.1,43.12,43.12
ISV29C4UG-75,76.77,30.71,27.13,27.13,27.13,29.18,29.18
ISV69C3UG-75,88.8,35.52,31.38,31.38,31.38,33.74,33.74
ISV39C3UG-75,81.19,32.47,28.69,28.69,28.69,30.85,30.85
,,,,,,,
ISVND-95,22.41,8.96,7.92,7.92,7.92,8.51,8.51
I6VN7K-95,68.7,27.48,24.29,24.29,24.29,26.12,26.12
ISV39W-KHF,,,,,,,
,,,,,,,
,,,,,,,
ISZ89597UGE7-75,47.5,19,16.92,16.92,16.92,18.05,18.05
ISZ79597UGE7-75,45.63,18.24,15.85,15.85,15.85,17.33,17.33
ISZ79595UGE7-75,63.37,25.34,22.62,22.62,22.62,24.09,24.09
ISZ79495UGE7-75,59.71,23.87,21.31,21.31,21.31,22.7,22.7
ISZ59595UGE7-75,82.47,32.99,29.27,29.27,29.27,31.35,31.35
ISZ59495UGE7-75,71.16,28.46,25.26,25.26,25.26,27.05,27.05
ISZ71594UGE7-75,64.03,25.61,22.37,22.37,22.37,24.34,24.34
ISZ71494UGE7-75,55.42,22.17,19.36,19.36,19.36,21.07,21.07
ISZ41594UGE7-75,79.18,31.67,28.27,28.27,28.27,30.07,30.07
ISZ41594UGE7V-75,179.56,71.83,63.47,63.47,63.47,68.25,68.25
ISZ41494UGE7-75,66.08,26.43,23.6,23.6,23.6,25.1,25.1
ISZ19594UGE7-75,73.48,29.4,26.45,26.45,26.45,27.92,27.92
ISZ19494UGE7-75,87.38,34.96,31.46,31.46,31.46,33.21,33.21
ISZ65593UGE7-75,67.51,27.01,24.15,24.15,24.15,25.65,25.65
ISZ65493UGE7-75,101.27,40.51,36.22,36.22,36.22,38.48,38.48
ISZ29593UGE7-75,91.93,36.77,34.14,34.14,34.14,34.95,34.95
ISZ29493UGE7-75,78.67,31.47,29.21,29.21,29.21,29.91,29.91
,,,,,,,
I639KRI-98,65.24,26.1,23.01,22.24,21.48,24.79,24.17
I639IX-98,20.26,8.09,6.94,6.36,5.78,7.7,7.27
IOVNKPWG-KHF,99.35,39.74,35.11,35.11,35.11,37.76,37.76
IOND,24.27,9.71,8.58,8.36,8.15,9.22,9.22
,,,,,,,
IHFU755UG-75,96.01,38.39,33.6,31.99,30.39,36.48,35.27
IHFU755UGV-75,133.97,53.6,47.64,45.65,43.66,50.91,50.03
IHFU515UG-75,66.53,26.62,23.86,22.71,21.57,25.29,25.06
IHFU515UGV-75,189.94,75.98,67.09,63.94,60.78,72.17,70.47
IHFU594UG-75,73.72,29.48,26.34,25.28,24.23,28.02,27.65
IHFU594UGV-75,230.52,92.21,82.66,79.1,75.53,87.58,86.79
IHFU194UG-75,113.7,45.48,39.94,38,36.05,43.21,41.93
IHFU194UGV-75,277.03,110.79,98.31,93.63,88.95,105.27,103.23
IHFU513UG-75,90.33,36.13,31.61,29.8,27.99,34.32,33.2
IHFU033UG-75,228.18,91.27,78.67,73.95,69.23,86.69,82.61
IHFU033UGV-75,291.22,116.48,102.25,95.78,89.32,110.67,107.37
,,,,,,,
I639KRI-98,65.24,26.1,23.01,22.24,21.48,24.79,24.17
I639IX-98,20.26,8.09,6.94,6.36,5.78,7.7,7.27
,,,,,,,
IEFU877UG-75,72.83,29.12,26.35,24.96,23.57,27.67,27.67
IEFU757UG-75,100.26,40.1,35.65,33.42,31.19,38.1,37.44
IEFU755UG-75,101.98,40.79,35.71,33.79,31.88,38.75,37.5
IEFU515UG-75,122.21,48.87,43.05,40.72,38.4,46.44,45.2
IEFU594UG-75,149.46,59.8,53.66,50.59,47.52,56.79,56.34
IEFU594UGV-75,167,66.81,59.48,56.28,53.08,63.47,62.45
IEFU194UG-75,153.07,61.21,54.55,52.32,50.09,58.16,57.28
IEFU194UGV-75,204.77,81.9,72.7,69.48,66.26,77.81,76.34
IEFU513UG-75,120.42,48.17,42.93,40.84,38.74,45.76,45.08
IEFU033UG-75,184.16,73.65,66.29,62.61,58.93,69.97,69.6
,,,,,,,
I639KRI-98,65.24,26.1,23.01,22.24,21.48,24.79,24.17
I639IX-98,20.26,8.09,6.94,6.36,5.78,7.7,7.27
,,,,,,,
I639KRI-98,65.24,26.1,23.01,22.24,21.48,24.79,24.17
,,,,,,,
I639IX-98,20.26,8.09,6.94,6.36,5.78,7.7,7.27
,,,,,,,
IOA795993-75,57.98,23.19,20.67,19.64,18.6,22.04,22.04
IOA655987-75,92.46,36.98,32.07,30.55,29.03,35.14,35.14
IOA495984-75,70.79,28.3,24.98,23.54,22.1,26.89,26.89
,,,,,,,
IHH89959-95,77.41,30.97,27.36,27.36,27.36,29.41,29.41
IHH89949-95,107.74,43.1,38.07,38.07,38.07,40.93,40.93
IHH84959-95,162.63,65.05,57.47,57.47,57.47,61.8,61.8
IHH84949-95,120,48,42.41,42.41,42.41,45.6,45.6
,,,,,,,
IHHC59-95,173.49,69.4,61.31,61.31,61.31,65.93,65.93
IHHC49-95,125.61,50.24,44.39,44.39,44.39,47.73,47.73
,,,,,,,
IHM89959WZ4-95,101.17,40.47,35.75,35.75,35.75,38.44,38.44
IHM89949WZ4-95,159.6,63.84,56.4,56.4,56.4,60.64,60.64
IHM84959WZ4-95,205.05,82.02,72.45,69.44,66.42,77.91,77.91
IHM84949WZ4-95,130.08,52.03,45.97,44.05,42.14,49.43,49.43
IHM79959WZ4-95,180.19,72.07,63.69,61.56,59.44,68.48,68.48
IHM79949WZ4-95,,,,,,,
,,,,,,,
I5VNOHG,169.35,67.73,61.43,59.78,58.12,64.35,64.35
I2VNOHG,295.17,118.07,107.1,104.21,101.31,112.16,112.16
IHMCKX,111.56,44.64,39.44,37.14,34.84,42.4,42.4
IHMY5-O,67.88,27.12,23.19,21.26,19.32,25.77,25.77
IHMY5-H,30.79,12.33,11.7,11.11,10.53,11.7,11.7
IHM4O14-H,28.19,11.28,9.97,9.42,8.86,10.72,10.72
IHM4O14-N,33.01,13.18,11.66,11.08,10.5,12.54,12.54
,,,,,,,
IHM84959ND4-95,169.72,67.89,59.98,58.22,56.45,64.5,64.5
,,,,,,,
I5VNOHG,169.35,67.73,61.43,59.78,58.12,64.35,64.35
I2VNOHG,295.17,118.07,107.1,104.21,101.31,112.16,112.16
IHMND-IX,111.27,44.51,38.33,35.68,33.04,42.29,42.29
IHMY5-H,30.79,12.33,11.7,11.11,10.53,11.7,11.7
,,,,,,,
IHMCXXG6-95,197.63,79.06,69.85,67.67,65.48,75.1,75.1
,,,,,,,
I5VNOHG,169.35,67.73,61.43,59.78,58.12,64.35,64.35
I2VNOHG,295.17,118.07,107.1,104.21,101.31,112.16,112.16
IHMND,57.87,23.15,20.46,19.58,18.71,22,22
IHMND-IX,111.27,44.51,38.33,35.68,33.04,42.29,42.29
IHMCKX,111.56,44.64,39.44,37.14,34.84,42.4,42.4
IHMY5-O,67.88,27.12,23.19,21.26,19.32,25.77,25.77
,,,,,,,
IHG89XXG6-95,24.23,9.69,8.56,8.56,8.56,9.2,9.2
IHG79XXG6-95,40.04,16.02,14.15,13.68,13.21,15.21,15.21
IHG69XXG6-95,55.35,22.14,19.56,19.03,18.5,21.03,21.03
IHG49XXG6-95,69.79,27.91,24.67,24.24,23.82,26.52,26.52
IHG899XXG6-95,120.91,48.37,42.73,42.73,42.73,45.95,45.95
IHG849XXG6-95,125.68,50.27,44.42,44.42,44.42,47.76,47.76
IHG799XXG6-95,221.35,88.54,78.22,78.22,78.22,84.11,84.11
IHG699XXG6-95,293.48,117.39,103.72,103.72,103.72,111.52,111.52
,,,,,,,
IHG89XXG6K-95,34.85,13.94,12.31,12.31,12.31,13.24,13.24
IHG79XXG6K-95,57.21,22.88,20.21,19.64,19.06,21.74,21.74
IHG69XXG6K-95,67.68,27.07,23.91,23.64,23.36,25.72,25.72
IHG49XXG6K-95,106.89,42.76,37.42,36.84,36.25,40.62,40.62
,,,,,,,
IHG8979XXG6-95,46.3,18.52,16.36,15.81,15.27,17.59,17.59
IHG8979XXG6-98,34.62,13.85,12.23,11.83,11.42,13.15,13.15
IHG6949XXG6-95,87.98,35.19,31.09,30.56,30.02,33.43,33.43
IHG6949XXG6-98,81.85,32.74,28.93,28.43,27.93,31.11,31.11
,,,,,,,
IHG8979XXG6K-95,59.88,23.95,21.16,20.55,19.95,22.75,22.75
IHG8979XXG6K-98,38.34,15.33,13.55,13.16,12.77,14.57,14.57
IHG6949XXG6K-95,103.72,41.49,36.31,35.75,35.18,39.41,39.41
IHG6949XXG6K-98,99.86,39.94,34.96,34.42,33.87,37.94,37.94
,,,,,,,
IXN6959-95,95.4,38.17,33.93,32.11,30.3,36.25,35.64
IXN4959-95,96.15,38.46,34.8,32.53,30.27,36.53,36.53
IXN89959-95,265.51,106.22,94.83,84.3,73.78,100.9,99.58
IXN84959-95,289.64,115.84,102.98,90,77.03,110.06,108.13
IXN79959-95,411.75,164.49,148.02,135.04,122.05,156.46,155.43
IXN69959-95,600.03,240,213.45,208.6,203.75,228,228
,,,,,,,
IXNH-95,58.13,23.24,20.71,20.02,19.32,22.09,22.09
,,,,,,,
IXN6959ZH-95,99.77,39.9,34.66,31.84,29.01,37.91,37.91
IXN4959ZH-95,138.53,55.41,48.17,43.92,39.67,52.64,52.64
IXN0959ZH-95,272.11,108.84,96.35,84.89,73.44,103.41,103.41
IXN87459ZH-95,303.94,121.58,107.25,93.29,79.33,115.5,115.5
IXN82959ZH-95,482.92,193.18,170.83,154.22,137.62,183.52,183.52
IXN70959ZH-95,825.41,330.15,291.88,261.53,231.19,313.65,313.65
,,,,,,,
IXNH-95,58.13,23.24,20.71,20.02,19.32,22.09,22.09
,,,,,,,
IKW87949WZ-76,659.37,263.73,231.76,219.78,207.79,250.55,243.35
IKW84949WZ-76,532.66,213.07,186.42,178.44,170.45,202.41,195.74
,,,,,,,
SIX-88,108.08,43.22,39.64,38.23,36.82,41.07,41.07
I5VNOHG,169.35,67.73,61.43,59.78,58.12,64.35,64.35
I2VNOHG,295.17,118.07,107.1,104.21,101.31,112.16,112.16
IXLMRK31-95,11.26,5.4,4.5,4.05,3.61,4.28,4.73
IWOSIE-SND67H,166.87,66.76,60.19,56.91,53.62,63.42,63.2
IKWO09,16.67,6.66,5.55,5,4.45,6.34,5.83
IKWIY,35.42,14.16,11.81,10.62,9.43,13.45,12.4
IKRIND-SRN68H,236.85,94.74,85.16,82.75,80.34,89.99,89.99
IIW639ND-98,143.25,57.29,50.14,46.55,42.96,54.44,52.65
IHD55-K,5.2,2.1,1.89,1.84,1.78,1.98,1.98
,,,,,,,
IUZ87C9-95,44.96,17.98,15.88,15.88,15.88,17.08,17.08
IUZ69C9-95,107.01,42.8,37.81,37.81,37.81,40.65,40.65
IUZ69C9KX-95,157.07,62.83,55.5,55.5,55.5,59.68,59.68
IUZ49C9-95,91.09,36.44,32.19,32.19,32.19,34.61,34.61
,,,,,,,
,,,,,,,
IUWC-95,61.51,24.61,21.74,21.74,21.74,23.37,23.37
IUWKX,33.01,13.2,11.66,11.66,11.66,12.54,12.54
IUWNDH,32.64,13.06,11.53,11.53,11.53,12.4,12.4
IUWVN,92.97,37.19,32.86,32.86,32.86,35.34,35.34
,,,,,,,
IZD59-74,186.93,74.78,66.07,66.07,66.07,71.03,71.04
IZD39-74,227.7,91.08,80.47,80.47,80.47,86.53,86.53
IZD899-74,417.77,167.11,147.64,147.64,147.64,158.76,158.76
IZD849-74,,,,,,,
IZDKX,27.79,11.12,9.83,9.83,9.83,10.56,10.56
IZD39H,23.17,9.27,8.19,8.19,8.19,8.81,8.81
,,,,,,,
,,,,,,,
,,,,,,,
IWU9469-95,32.16,12.84,11.36,11.08,10.8,12.22,12.22
,,,,,,,
I64DOVWG,23.95,9.58,8.46,8.07,7.69,9.1,9.1
IWU234OVZW,21.32,8.53,7.53,7.13,6.74,8.1,8.1
,,,,,,,
ISU9269-74,158.88,63.55,56.15,56.15,56.15,60.38,60.38
,,,,,,,
IGU9569-74,136.05,54.42,48.08,48.08,48.08,51.7,51.7
,,,,,,,
IXUTFHH-95,79.98,31.99,28.27,28.27,28.27,30.4,30.4
IXUTFHH-86,78.62,31.45,27.79,27.79,27.79,29.88,29.88
IXUTFHH-74,59.95,23.98,21.19,21.19,21.19,22.79,22.79
,,,,,,,
IXUTF-95,13.8,5.52,4.88,4.88,4.88,5.24,5.24
IXUTFZT-95,18.51,7.4,6.54,6.54,6.54,7.03,7.03
,,,,,,,
IOUTF-95,21.04,8.42,7.43,7.43,7.43,8,8
,,,,,,,
,,,,,,,
I7RM86D,153.7,61.48,57.51,55.54,53.56,58.41,60.39
I6RM86D,217.75,87.09,79.83,76.21,72.58,82.74,83.82
OH49TF-95,49.55,19.82,17.6,16.05,14.5,18.83,18.49
,,,,,,,
I87DOVWG,69.28,27.73,24.93,23.56,22.2,26.33,26.2
,,,,,,,
INC8969-95,55.57,22.23,19.64,19.64,19.64,21.11,21.11
INC8969-74,49.73,19.89,17.57,17.57,17.57,18.9,18.9
,,,,,,,
INM9569-95,120.84,48.34,42.7,42.13,41.55,45.92,45.92
INM79569-95,112.79,45.11,39.86,39.45,39.05,42.86,42.86
,,,,,,,
IXE9369-95,45.95,18.38,16.24,15.76,15.29,17.46,17.46
,,,,,,,
IXG79369-95,44.44,17.78,15.7,15.29,14.88,16.88,16.88
,,,,,,,
IXU8TFHHK-95,64.49,25.79,22.79,22.32,21.84,24.5,24.5
IXU8TFHHK-86,69.63,27.85,24.61,24.1,23.59,26.46,26.46
IXU8TFHHK-74,52.96,21.19,18.72,18.33,17.94,20.12,20.12
IXU7TFHHK-95,104.95,41.98,37.08,35.85,34.61,39.88,39.88
IXU7TFHHK-86,86.94,34.78,30.72,29.7,28.67,33.04,33.04
IXU7TFHHK-74,88.04,35.21,31.11,30.07,29.03,33.45,33.45
,,,,,,,
IGYTF-95,25.37,10.14,8.96,8.49,8.03,9.64,9.64
,,,,,,,
IZX8TF-95,16.19,6.47,5.72,5.53,5.34,6.15,6.15
IZX7TF-95,34.67,13.87,12.25,11.94,11.64,13.17,13.17
,,,,,,,
IGR8669-74,77.91,31.16,28.32,26.9,25.48,29.61,29.73
,,,,,,,
IHL759K-98,21.7,8.68,7.74,7.48,7.22,8.25,8.25
IHL759K-95,31.73,12.69,11.31,10.93,10.55,12.06,12.06
IHL659K-98,39.12,15.64,13.88,13.38,12.88,14.86,14.86
IHL659K-95,38.29,15.31,13.58,13.09,12.6,14.55,14.55
IHL259K-98,78.96,31.58,27.87,26.8,25.72,30,30
IHL259K-95,74.99,29.99,26.47,25.45,24.43,28.5,28.5
,,,,,,,
IGD9869IT-75,41.82,16.74,13.36,12.52,11.67,15.9,14.04
IGD9869HJ-75,38.06,15.24,12.16,11.39,10.63,14.47,12.77
IGD9769X-75,40.49,16.21,12.94,12.12,11.3,15.4,13.59
IGD9769ITO-75,46.8,18.69,16.32,15.41,14.49,17.79,17.12
IGD9669X-75,30.26,12.09,10.55,9.96,9.37,11.5,11.07
IGD9669IT-75,39.31,15.69,14.29,13.56,12.84,14.93,14.98
IGD9669HJ-75,37.04,14.79,12.92,12.19,11.47,14.08,13.55
,,,,,,,
I864-95,55.57,22.25,19.63,18.13,16.63,21.11,21.11
I864-86,70.24,27.49,19.44,17.95,16.47,26.68,20.43
I864-74,68.21,27.28,24.1,22.25,20.41,25.91,25.91
I764-95,62.45,24.98,22.06,20.11,18.16,23.73,23.73
I764-86,116.57,45.13,31.73,28.92,26.11,44.29,33.3
I764-74,90.4,36.16,31.94,29.11,26.28,34.35,34.35
,,,,,,,
ILK1C9-98,52.47,20.99,18.54,18.54,18.54,19.94,19.94
ILK1C9-95,46.06,18.42,16.28,16.28,16.28,17.5,17.5
,,,,,,,
ISXCXXG6-98,24.36,9.74,8.6,8.6,8.6,9.26,9.25
ISXCXXG6K-98,61.93,24.77,21.89,21.24,20.6,23.54,23.54
ISECXXG6-98,26.31,10.52,9.29,9.29,9.29,9.99,9.99
ISECXXG6K-98,35.24,14.1,12.46,12.09,11.72,13.39,13.39
,,,,,,,
ISX8769-98,40.16,10.45,9.09,9.09,9.09,9.92,9.92
ISX8759-98,49.9,12.98,11.29,11.29,11.29,12.33,12.33
ISE8769-98,47.85,12.45,10.83,10.83,10.83,11.83,11.83
ISE8759-98,49.55,12.89,11.21,11.21,11.21,12.25,12.25
,,,,,,,
IIY85XXG6-98,67.58,27.03,23.89,22.69,21.5,25.69,25.69
IIY85XXG6H-98,93.44,37.37,33.07,32.09,31.12,35.5,35.5
IIY85XXG6V-98,155.25,62.11,54.79,53.39,51.98,59,59
,,,,,,,
IIYGIRNK-98,12.72,5.08,4.4,3.95,3.51,4.83,4.83
IIYGIRNK-95,17.68,7.05,6.19,5.68,5.16,6.72,6.72
IIYGIRNK-75,17.41,6.94,6.1,5.59,5.08,6.61,6.61
IIYGIRNVB-98,19.46,7.81,6.92,6.42,5.92,7.39,7.39
IIYGIRNVB-95,22.54,9.02,7.95,7.46,6.97,8.55,8.55
IIYGIRNVB-75,17.63,7.05,6.22,5.83,5.45,6.69,6.69
IIYHXIVD,5.32,2.13,1.84,1.65,1.46,2.03,2.03
,,,,,,,
I5D69OVWYS-98,40.21,16.07,14.01,13.37,12.74,15.28,15.28
I5DOVWYS-98,45.48,18.2,16.03,15.3,14.57,17.28,16.81
,,,,,,,
I39YSKX-98,82.09,32.82,25.13,23.74,22.34,31.21,26.41
I39YSKX-95,49.29,19.71,15.09,14.25,13.41,18.74,15.86
I39YSKRI-98,73.54,29.42,23.64,22.33,21.02,27.96,24.84
I39YSKRI-95,66.36,26.54,21.33,20.15,18.96,25.22,22.42
,,,,,,,
IHG89XXG6-95,24.23,9.69,8.56,8.56,8.56,9.2,9.2
IHG79XXG6-95,40.04,16.02,14.15,13.68,13.21,15.21,15.21
IHG69XXG6-95,55.35,22.14,19.56,19.03,18.5,21.03,21.03
IHG49XXG6-95,69.79,27.91,24.67,24.24,23.82,26.52,26.52
IHG899XXG6-95,120.91,48.37,42.73,42.73,42.73,45.95,45.95
IHG849XXG6-95,125.68,50.27,44.42,44.42,44.42,47.76,47.76
IHG799XXG6-95,221.35,88.54,78.22,78.22,78.22,84.11,84.11
IHG699XXG6-95,293.48,117.39,103.72,103.72,103.72,111.52,111.52
,,,,,,,
IHG89XXG6K-95,34.85,13.94,12.31,12.31,12.31,13.24,13.24
IHG79XXG6K-95,57.21,22.88,20.21,19.64,19.06,21.74,21.74
IHG69XXG6K-95,67.68,27.07,23.91,23.64,23.36,25.72,25.72
IHG49XXG6K-95,106.89,42.76,37.42,36.84,36.25,40.62,40.62
,,,,,,,
IHG8979XXG6-95,46.3,18.52,16.36,15.81,15.27,17.59,17.59
IHG8979XXG6-98,34.62,13.85,12.23,11.83,11.42,13.15,13.15
IHG6949XXG6-95,87.98,35.19,31.09,30.56,30.02,33.43,33.43
IHG6949XXG6-98,81.85,32.74,28.93,28.43,27.93,31.11,31.11
,,,,,,,
IHG8979XXG6K-95,59.88,23.95,21.16,20.55,19.95,22.75,22.75
IHG8979XXG6K-98,38.34,15.33,13.55,13.16,12.77,14.57,14.57
IHG6949XXG6K-95,103.72,41.49,36.31,35.75,35.18,39.41,39.41
IHG6949XXG6K-98,99.86,39.94,34.96,34.42,33.87,37.94,37.94
,,,,,,,
ISO8969-95,16.93,6.77,5.99,5.99,5.99,6.43,6.43
ISO8959-95,9.65,3.86,3.42,3.42,3.42,3.66,3.66
ISO8959-98,11.52,4.61,4.08,4.08,4.08,4.37,4.37
ISO7969-95,25.78,10.33,9.12,9.12,9.12,9.8,9.8
ISO7959-95,16.1,6.45,5.69,5.69,5.69,6.12,6.12
ISO7959-98,26.03,10.42,9.2,9.2,9.2,9.89,9.89
ISO6969-95,35.45,14.17,12.47,12.47,12.47,13.46,13.46
ISO6959-95,25.23,10.08,8.87,8.87,8.87,9.58,9.58
ISO6959-98,34.74,13.88,12.22,12.22,12.22,13.19,13.19
ISO4969-95,54.58,21.82,19.25,19.25,19.25,20.74,20.74
ISO4959-95,42.89,17.15,15.13,15.13,15.13,16.3,16.3
ISO4959-98,50.25,20.09,17.73,17.73,17.73,19.1,19.1
ISO89969-95,58.78,23.52,20.79,20.79,20.79,22.33,22.33
ISO89959-95,61.8,24.73,21.86,21.86,21.86,23.48,23.48
ISO89959-98,59.95,23.99,21.2,21.2,21.2,22.77,22.77
,,,,,,,
I89UHZ-98,31.91,12.73,10.19,9.35,8.51,12.12,10.71
I89UHZ-95,30.98,12.36,9.9,9.08,8.26,11.76,10.4
INXHKRPV-95,13.68,5.47,4.91,4.53,4.14,5.2,5.16
,,,,,,,
ISO8969K-95,25.19,10.07,9.01,9.01,9.01,9.57,9.57
ISO8959K-95,31.42,12.56,11.24,11.24,11.24,11.93,11.93
ISO8959K-98,26.91,10.76,9.63,9.63,9.63,10.22,10.22
ISO7969K-95,38.85,15.54,13.76,13.76,13.76,14.77,14.77
ISO7959K-95,35.96,14.38,12.73,12.73,12.73,13.67,13.67
ISO7959K-98,32.28,12.91,11.43,11.43,11.43,12.28,12.28
ISO6969K-95,36.81,14.75,13.05,13.05,13.05,13.99,13.99
ISO6959K-95,47.61,19.07,16.88,16.88,16.88,18.09,18.09
ISO6959K-98,48.36,19.37,17.15,17.15,17.15,18.38,18.38
ISO4969K-95,55.64,22.26,19.75,19.75,19.75,21.15,21.15
ISO4959K-95,71.91,28.76,25.53,25.53,25.53,27.33,27.33
ISO4959K-98,47.35,18.94,16.81,16.81,16.81,18,18
,,,,,,,
I89UHZ-98,31.91,12.73,10.19,9.35,8.51,12.12,10.71
I89UHZ-95,30.98,12.36,9.9,9.08,8.26,11.76,10.4
INXHKRPV-95,13.68,5.47,4.91,4.53,4.14,5.2,5.16
,,,,,,,
IXC896934-74,205.31,82.12,72.56,70.37,68.19,78.02,78.02
,,,,,,,
IXC936929-95,70.57,28.23,24.94,24.46,23.98,26.82,26.82
,,,,,,,
IIC846939-74,306.12,122.45,108.18,105.33,102.48,116.32,116.32
IIC8469899-74,237.39,94.95,83.89,82.63,81.37,90.21,90.21
,,,,,,,
IXC846939-74,268.74,107.5,94.97,92.47,89.97,102.12,102.12
IXC846919-74,211.39,84.56,74.71,73.2,71.69,80.33,80.33
,,,,,,,
IDC906939-74,238.4,95.37,84.26,81.63,78.99,90.59,90.6
IDC906919-74,212.5,85,75.1,72.48,69.86,80.75,80.75
,,,,,,,
INC34V-74,112.03,44.81,39.59,37.79,35.99,42.57,42.57
,,,,,,,
ITC29V-95,49.4,19.76,17.46,17.04,16.63,18.77,18.77
,,,,,,,
ILI79C936-95,251.49,100.6,88.88,83.65,78.42,95.57,95.57
ILI79C901-95,437,174.8,154.44,146.32,138.19,166.06,166.06
,,,,,,,
IPT9869HH-86,104.56,41.82,36.95,35.79,34.64,39.73,39.73
IPT9669HH-86,204.77,81.91,72.37,71.16,69.95,77.81,77.81
IPT9269HH-86,197.31,78.92,69.73,68.73,67.74,74.98,74.98
,,,,,,,
IPT9769HH-86,116.93,46.77,41.33,40.29,39.26,44.44,44.44
IPT39869HH-86,122.93,49.17,43.44,42.72,42,46.71,46.71
IPT879869HH-86,237.59,95.03,83.96,82.91,81.86,90.28,90.28
,,,,,,,
I6OVW4H-98,107.38,42.94,38.74,35.22,31.7,40.81,40.67
I6OVW4H-92,111.96,44.77,40.4,36.72,33.05,42.55,42.41
I6OVW89HDD-98,132.67,53.06,47.62,44.9,42.19,50.42,50
I6OVW89H-98,146.15,58.45,52.46,49.47,46.47,55.54,55.08
I6OVW89H-92,175.54,70.2,63.01,59.42,55.82,66.71,66.16
,,,,,,,
I3OVW759H-98,47.22,18.87,17.4,16.76,16.12,17.94,18.27
I89OVW759H-98,90.59,36.26,32.62,31.19,29.77,34.42,34.24
,,,,,,,
I81ZHTO,344.8,137.92,131.73,127.08,122.43,131.03,138.31
,,,,,,,
,,,,,,,
,,,,,,,
IGB8969-98,74.19,29.65,25.62,24.26,22.91,28.18,26.89
IGB8969-95,64.44,25.75,22.25,21.07,19.89,24.47,23.36
IGB8959-98,86.11,34.41,29.73,28.16,26.59,32.71,31.21
IGB8959-95,61.49,24.57,21.23,20.11,18.99,23.36,22.29
,,,,,,,
IGP8759-98,90.37,36.16,31.63,29.94,28.25,34.35,33.22
IGP8759-95,121.58,48.64,42.56,40.28,38.01,46.21,44.69
,,,,,,,
IGN7459-98,192.38,76.99,68.44,64.87,61.3,73.11,71.86
IGN7459-95,123.1,49.26,43.79,41.51,39.23,46.78,45.98
IGN6469-98,157.57,63.03,56.23,53.32,50.41,59.87,59.04
IGN6469-95,260.96,104.38,93.13,88.31,83.49,99.16,97.79
IGN6459-98,242.88,97.15,86.68,82.19,77.71,92.29,91.01
IGN6459-95,243.82,97.53,87.02,82.51,78.01,92.65,91.37
,,,,,,,
I111TA-98,29.06,11.61,8.9,8.31,7.72,11.04,9.34
I111TA-86,54.32,21.75,16.38,15.46,14.54,20.64,17.2
I111TA6-98,109.48,43.77,33.42,31.48,29.55,41.59,35.1
I111TA6-86,107.76,43.1,35.11,33.41,31.71,40.94,36.86
,,,,,,,
IH193TA-98,46.15,18.45,13.52,12.62,11.73,17.54,14.19
IH193TA-86,40.28,16.13,12.15,11.47,10.78,15.31,12.75
IH193TA6-86,144.59,57.85,36.24,34.43,32.62,54.94,38.05
,,,,,,,
I8G-98,41.85,16.74,13.96,13.25,12.53,15.9,14.66
I8G-95,37.98,15.19,12.67,12.02,11.37,14.43,13.3
I8G-86,55.25,22.1,19.31,17.91,16.52,21,20.25
I7G-98,50.87,20.35,16.95,16.1,15.24,19.33,17.79
I7G-95,67.38,26.95,22.45,21.32,20.19,25.6,23.56
I6G-98,117.58,47.03,39.18,35.26,31.35,44.68,41.13
I6G-95,108.05,43.22,36,32.41,28.81,41.06,37.79
,,,,,,,
IGZ-98,9.57,3.83,3.44,3.19,2.95,3.65,3.6
IO-98,15.25,6.11,5.48,5.09,4.71,5.81,5.74
IO-95,14.26,5.69,5.1,4.74,4.38,5.42,5.34
IG-98,15.06,6.03,5.12,4.85,4.59,5.72,5.37
IG-95,17.1,6.84,5.81,5.51,5.21,6.5,6.09
IOV-98,10,3.98,3.59,3.3,3.02,3.79,3.77
IOV-95,8.29,3.3,2.97,2.74,2.5,3.14,3.12
IOV-86,12.78,5.12,4.59,4.27,3.94,4.87,4.81
IX-98,15.77,6.33,5.67,5.3,4.93,5.99,5.95
IX-95,15.36,6.16,5.53,5.17,4.8,5.84,5.8
IX-86,22.48,8.99,7.63,7.24,6.85,8.53,8.01
IGHP84,36.04,14.4,12.17,11.41,10.65,13.68,13.68
,,,,,,,
,,,,,,,
,,,,,,,
IHNI6P,28.29,11.29,10,9.41,8.82,10.75,10.75
IHNI5P,21.95,8.76,7.76,7.3,6.85,8.34,8.34
IHNH6P,23.09,9.24,8.16,7.68,7.2,8.78,8.78
IHNH5P,29.38,11.75,10.39,9.77,9.16,11.17,11.17
IHNZ6P,30.1,12.04,10.65,10.22,9.78,11.45,11.45
IHNZ5P,29.55,11.82,10.45,10.03,9.6,11.24,11.24
IHNI-X,4.1,1.64,1.44,1.37,1.3,1.55,1.55
IHNH-X,4.96,1.99,1.75,1.66,1.57,1.87,1.87
IHNZ-X,4.93,1.97,1.73,1.65,1.56,1.86,1.86
IHNI-VX,1.7,0.68,0.61,0.55,0.49,0.66,0.66
IHNH-VX,1.05,0.42,0.38,0.34,0.3,0.41,0.41
IHNZ-VX,1.07,0.43,0.38,0.35,0.31,0.41,0.41
IHN-GH,14.48,5.79,5.11,4.83,4.54,5.5,5.5
IHN-KRI,9.78,3.91,3.45,3.26,3.07,3.71,3.71
IHN-HWI,12.55,5.02,4.43,4.18,3.94,4.76,4.76
IHN-WWI,19.68,7.87,6.96,6.73,6.5,7.48,7.48
IHN-SH,10.12,4.05,3.57,3.37,3.18,3.84,3.84
IHN-WHK,3.01,1.2,1.06,0.97,0.89,1.14,1.14
IHNI-VVX,4.68,1.87,1.65,1.51,1.38,1.77,1.77
IHNH-VVX,3.69,1.48,1.3,1.19,1.09,1.4,1.4
IHNZ-VVX,10.63,4.25,3.76,3.62,3.49,4.04,4.04
,,,,,,,
IOVWHGI6C-98,28.84,9.08,8.02,7.62,7.23,8.63,8.43
IOVWHGI5C-98,43.03,13.57,12.1,11.55,10.99,12.88,12.69
IOVWHGI1C-98,38.87,12.28,11.05,10.59,10.14,11.66,11.59
IOVWHGI89C-98,40.59,12.83,11.33,10.94,10.55,12.18,11.9
IOVWHGI85C-98,49.77,15.7,13.88,13.44,12.99,14.91,14.58
,,,,,,,
IOHGI749OVZW,2.35,0.95,0.81,0.76,0.71,0.9,0.85
IOHGI499OVZW,3.07,1.22,1.06,1,0.95,1.17,1.11
IOHGI8999OVZW,5.18,2.09,1.87,1.75,1.63,1.98,1.95
,,,,,,,
IXW7K469-98,14.48,5.79,4.84,4.35,3.86,5.51,5.07
IXW7K469-86,15.81,6.32,5.28,4.75,4.21,6.01,5.54
IXW7K459-98,16.8,6.72,5.61,5.05,4.48,6.39,5.89
IXW7K459-86,18.95,7.58,6.33,5.69,5.05,7.21,6.64
,,,,,,,
IXWGH-86,5.26,2.09,2.09,2.09,2.09,1.99,2.18
,,,,,,,
IBZ7K469-86,23.5,9.4,8.23,7.64,7.04,8.93,8.64
IBZ7K459-86,19.42,7.77,6.8,6.31,5.82,7.38,7.14
,,,,,,,
,,,,,,,
,,,,,,,
IHU79834-98,20.34,8.14,6.89,6.58,6.26,7.74,7.24
IHU79834-96,17.34,6.93,5.95,5.7,5.46,6.58,6.26
IHU79834-86,24.12,9.63,8.28,7.94,7.59,9.15,8.71
,,,,,,,
IH89834TA-98,32.87,13.15,8.21,7.78,7.34,12.5,8.62
IH89834TA-96,32.06,12.81,7.69,7.34,7,12.19,8.08
IH89834TA-86,29.7,11.87,7.12,6.8,6.48,11.29,7.49
,,,,,,,
IWZ8469-96,64.51,25.81,22.44,21.88,21.32,24.52,23.56
,,,,,,,
IWZ9169H-98,89.41,35.75,31.94,30.02,28.11,33.98,33.53
,,,,,,,
IHS2OVW-98,108.92,43.58,35.72,34.15,32.59,41.38,37.49
IHS2OVW-96,147.39,58.97,50.93,49.03,47.14,56.02,53.47
,,,,,,,
I8649SHW-98,296.36,112.28,107.74,102.08,96.41,106.67,113.13
,,,,,,,
IWKGZ-98,132.36,52.94,41.6,39.7,37.81,39.71,43.69
,,,,,,,
IWKGZ RMWRXZGLI,27.16,8.57,8.57,8.57,8.57,8.14,9
IWKGZ KFOOXLIW,36.43,11.49,11.49,11.49,11.49,10.92,12.06
IWKGZ IVHVG KZMVO,56.41,17.81,17.81,17.81,17.81,16.92,18.7
,,,,,,,
,,,,,,,
,,,,,,,
I1NOVW-98,85,26.82,24.12,22.88,21.63,25.47,25.33
I1NOVWGH-98,98.67,39.47,35.76,33.3,30.84,37.5,37.55
I1NOVWOHG-98,101.8,32.11,27.87,27.2,26.54,30.53,30.53
,,,,,,,
I1NOVWWV,57.98,18.29,15.24,14.1,12.96,17.38,16.01
I1NOVWWVCOI,10.37,3.28,1.64,1.37,1.09,3.11,1.73
I1NOVWIHY-98,21.59,6.8,5.66,5.09,4.52,6.46,5.94
IYFOPOVT,8.34,3.32,2.3,2.04,1.78,3.17,2.42
,,,,,,,
IHR5O-98,24.45,9.79,8.65,8.65,8.65,9.3,9.3
IHR5OHG-98,57.16,22.85,20.15,19.14,18.13,21.72,21.72
,,,,,,,
I1VNOK5W-98,58.61,23.44,22.17,21.6,21.04,22.27,22.27
I1VNOK5F-98,44.61,17.83,16.87,16.44,16.01,16.95,16.95
I1VNOK5FW-95,43.32,17.33,15.29,15.29,15.29,16.44,16.44
,,,,,,,
I1VNW,8.53,3.39,2.94,2.65,2.35,3.23,3.23
I1VNO,7.84,3.12,2.71,2.44,2.16,2.97,2.97
I1VNI,11,4.37,3.8,3.42,3.04,4.17,4.17
I1VNF,9.78,3.89,3.38,3.04,2.7,3.71,3.71
IVNHGF,42.52,17.01,14.69,13.59,12.49,16.16,16.16
,,,,,,,
IVC5K9-98,50.22,20.09,18.51,18.51,18.51,19.09,19.44
IVC5K9OHG-98,105.71,42.3,37.21,37.21,37.21,40.17,40.17
,,,,,,,
IYV5WG-98,46.22,18.49,16.34,16.34,16.34,17.57,17.57
,,,,,,,
IHH8K4-98,68.02,27.19,24.06,22.49,20.93,25.84,25.26
IHH8K4W-98,64.48,25.78,22.81,21.32,19.84,24.5,24.5
,,,,,,,
IHHW,12.26,4.9,4.32,4.32,4.32,4.65,4.55
IHHOI,8.55,3.42,3.02,3.02,3.02,3.25,3.18
IHHIHY,17.69,7.07,5.88,5.29,4.69,6.71,6.17
,,,,,,,
IWW8K4OX-98,44.06,17.62,15.6,15.6,15.6,16.75,16.75
IWW8K4OL-98,41.45,16.58,14.67,14.67,14.67,15.76,15.76
,,,,,,,
IXM5HGL-98,117.97,47.17,41.36,39.98,38.6,44.82,44.82
IXM7HG-98,74.67,29.88,26.55,26.09,25.64,28.38,28.38
IXM7HG-95,63.74,25.5,22.52,22.52,22.52,24.22,24.22
,,,,,,,
IZE6HG-98,90.39,36.16,32.06,31.48,30.91,34.35,34.35
IZE6HG-95,69.28,27.71,24.49,24.49,24.49,26.33,26.33
,,,,,,,
IUM7-98,74.03,30.05,26.36,25.48,24.6,28.11,28.11
IUM7HG-98,82.99,34.09,29.83,28.97,28.12,31.53,31.53
,,,,,,,
INI4OHG-98,168.38,67.34,63.98,61.75,59.52,63.98,63.98
,,,,,,,
I6VNKP5-KHF,105.38,42.14,33.95,31.62,29.28,40.05,35.65
,,,,,,,
I5VNOHG,169.35,67.73,61.43,59.78,58.12,64.35,64.35
I2VNOHG,295.17,118.07,107.1,104.21,101.31,112.16,112.16
,,,,,,,
,,,,,,,
,,,,,,,
IXYTD,98.85,39.55,36.13,35.4,34.68,37.57,37.57
IXYDH7,37.59,15.04,13.27,12.75,12.24,14.28,14.28
,,,,,,,
IEZXXG8-DRUR,52.16,20.85,18.58,17.96,17.34,19.81,19.81
IEZXXG7-DRUR,58.04,23.2,20.67,19.98,19.29,22.04,22.04
IEZITY-DRUR,45.15,18.05,16.08,15.54,15.01,17.14,17.14
IEZITYD-DRUR,55,21.98,19.42,18.82,18.21,20.89,20.89
,,,,,,,
IXIC799W,66.08,26.42,23.21,22.59,21.96,25.1,25.1
,,,,,,,
IXK86FP-98,22.05,8.81,7.73,7.52,7.3,8.39,8.39
,,,,,,,
IXWH-98,55.89,22.35,19.82,19.12,18.41,21.24,21.24
IXKRI-98,58.1,23.23,20.54,19.51,18.49,22.07,22.07
IXXR8919-98,151.15,60.46,52.9,49.12,45.33,57.45,57.45
IXXL8919-98,168.08,67.24,59.61,57.48,55.36,63.87,63.87
IXW8919-95,185.37,74.15,65.02,62.31,59.6,70.44,70.44
IXXSRNV-98,27.58,11.03,9.73,9.25,8.76,10.47,10.47
,,,,,,,
IXTF4ITYXCS,23.14,9.25,8.08,7.78,7.49,8.79,8.79
,,,,,,,
,,,,,,,
,,,,,,,
ISANNVM-98,726.27,290.5,219,198.89,178.78,275.98,275.98
,,,,,,,
ISAHK693939-98,357.01,142.8,108.53,97.11,85.69,135.66,135.66
,,,,,,,
ISATZ69-98,236.97,94.79,69.15,63.01,56.87,90.05,90.05
,,,,,,,
ISAVGN86,175.74,70.3,51.86,47.02,42.18,66.79,66.79
ISAVGNS,,,,,,,
,,,,,,,
ISAHX5484-98,452.98,172.56,128.03,114.67,101.31,172.12,163.92
,,,,,,,
ISAHXXG7,,,,,,,
,,,,,,,
,,,,,,,
,,,,,,,
ICA89WRN6-XGIO,,,,,,,
ICA89WRN-XGIO,,,,,,,
,,,,,,,
ICAND8434,,,,,,,
ICAWO34,,,,,,,
ICANNVM-98,,,,,,,
ICANFO79,,,,,,,
,,,,,,,
,,,,,,,
,,,,,,,
IWS4K4W7D,12.84,5.13,4.55,4.39,4.23,4.87,4.87
IWS4K972WF,5.48,2.18,1.99,1.99,1.99,2.08,2.08
IWS4K969WF,7.23,2.88,2.62,2.62,2.62,2.75,2.75
IWS4K959WF,5.97,2.38,2.17,2.17,2.17,2.27,2.27
,,,,,,,
IWS4K9693WF,7.78,3.11,2.75,2.72,2.69,2.96,2.96
IWS4K9593WF,6.53,2.61,2.31,2.29,2.26,2.49,2.49
,,,,,,,
IWS5K469,2.99,1.19,1.03,1.03,1.03,1.12,1.12
IWS5K459,3,1.19,1.03,1.03,1.03,1.13,1.13
,,,,,,,
IWS5K4693,2.37,0.95,0.84,0.85,0.85,0.9,0.9
IWS5K4593,2.82,1.13,1,1.01,1.02,1.08,1.08
,,,,,,,
IXTF4ITYXCS,23.14,9.25,8.08,7.78,7.49,8.79,8.79
,,,,,,,
,,,,,,,
,,,,,,,
IKI639KRII-98,43.12,13.57,11.42,10.71,10,12.9,12.01
,,,,,,,
IKI639KRIU-98,34.54,10.87,9.15,8.58,8.01,10.33,9.62
,,,,,,,
IF639-98,79.57,31.84,22.85,21.81,20.76,23.87,23.97
IF639-95,64.73,25.9,18.59,17.74,16.89,19.42,19.5
,,,,,,,
II639-98,58.24,23.27,18.61,17.06,15.52,17.47,19.55
,,,,,,,
IKI639KRIH-98,52.09,16.44,13.15,12.05,10.95,15.62,15.62
,,,,,,,
I819-98,39.61,15.84,12.58,11.79,10.99,11.88,13.24
I819-95,31.63,12.65,10.05,9.41,8.78,9.49,10.57
,,,,,,,
IKI819KRI-98,33.17,10.44,8.79,8.24,7.69,9.92,9.24
IKI819KRI-95,40.7,12.81,10.78,10.11,9.44,12.18,11.33
,,,,,,,
IKIYIP-98,9.24,2.89,2.31,2.31,2.31,2.75,2.43
IKIYIP-95,7.54,2.36,1.89,1.89,1.89,2.25,1.98
,,,,,,,
IKI819KRID-98,49.42,15.56,13.09,12.28,11.46,14.79,13.76
,,,,,,,
IKI639RK55-98,30.94,9.74,8.2,7.69,7.18,9.26,9.26
,,,,,,,
IIW639ND-98,143.25,57.29,50.14,46.55,42.96,54.44,52.65
,,,,,,,
IWOSIE-SND67H,166.87,66.76,60.19,56.91,53.62,63.42,63.2
,,,,,,,
SIX-88,108.08,43.22,39.64,38.23,36.82,41.07,41.07
,,,,,,,
IKRIND-SRN68H,236.85,94.74,85.16,82.75,80.34,89.99,89.99
,,,,,,,
SIX-88,108.08,43.22,39.64,38.23,36.82,41.07,41.07
,,,,,,,
IHD55-K,5.2,2.1,1.89,1.84,1.78,1.98,1.98
,,,,,,,
IOZ749WGT-98,55.21,22.09,20.61,19.88,19.14,20.98,20.98
,,,,,,,
I8998T7D,30.94,12.38,10.86,10.41,9.95,11.76,11.76
I8997T7D,59.4,23.77,21.14,20.17,19.21,22.57,22.57
,,,,,,,
,,,,,,,
,,,,,,,
IIU89,35.14,14.03,12.66,11.93,11.21,13.36,13.28
IPX7H,20.24,8.1,7.4,6.98,6.56,7.68,7.77
,,,,,,,
IYITA89,6.09,2.43,1.93,1.8,1.68,2.31,2.02
HXTA8949,3.9,1.57,1.37,1.26,1.16,1.49,1.42
,,,,,,,
XXORK,1.02,0.39,0.36,0.34,0.31,0.39,0.38
GOHX,1.08,0.41,0.38,0.36,0.33,0.41,0.4
,,,,,,,
IZT83-98,,,,,,,
IZT83-75,0.71,0.29,0.25,0.25,0.25,0.27,0.27
IZT79,1.35,0.53,0.41,0.37,0.33,0.51,0.43
IZT79-95,,,,,,,
IZT79-75,0.47,0.19,0.16,0.16,0.16,0.18,0.18
IZT79-73,,,,,,,
,,,,,,,
IZT74,2.56,1.02,0.86,0.81,0.75,0.97,0.9
IZT74-75,,,,,,,
IZT74-73,,,,,,,
IXLMRK31-95,11.26,5.4,4.5,4.05,3.61,4.28,4.73
